Date,Topic,XLSX_URL,PDF_URL,FILENAME
18.10.2024,Ablehnung eines Antrags zu Drittstaatenangehörigen,/resource/blob/1025330/c1f42cb0ca4bd538ab55c9130bb5fc4c/20241018_9_xls.xlsx,/resource/blob/1025328/bd73b254b212493e75d4c08f7a4ffd5b/20241018_9.pdf,684f6618-e1ec-4ae1-8af6-e21dc6c86046
18.10.2024,Ablehnung eines Antrags zu Messerangriffen,/resource/blob/1025326/9ae5002a1d49ba3256dff504152746aa/20241018_8_xls.xlsx,/resource/blob/1025324/86abe84f8129655f5116f34d4ecebec9/20241018_8.pdf,9d58672d-d74e-431e-a205-5c55d5201e65
18.10.2024,Dritter Entschließungsantrag zur „Verbesserung der inneren Sicherheit“,/resource/blob/1025318/dba77d6728be37ae0be0441755b6890f/20241018_7_xls.xlsx,/resource/blob/1025316/084e5f04a395ff856488eeefab30d4b7/20241018_7.pdf,55721ae3-9e42-4f20-972f-e3987d7c248b
18.10.2024,Zweiter Entschließungsantrag zur „Verbesserung der inneren Sicherheit“,/resource/blob/1025312/95aa5829a17aa2722d0c4200a84a6daf/20241018_6_xls.xlsx,/resource/blob/1025310/ae9f17f1fa4768766e5c3d7d658d00f2/20241018_6.pdf,73baa924-a7af-4249-9c16-f6bb71ebf849
18.10.2024,Erster Entschließungsantrag zur „Verbesserung der inneren Sicherheit“,/resource/blob/1025308/0e811af041c113fb7c3c689b01ad0e5f/20241018_5_xls.xlsx,/resource/blob/1025306/79569876b7ad316fd24dee1c58126d8c/20241018_5.pdf,c117bd57-d16e-48cc-a017-8b94bbc3713c
18.10.2024,Gesetzentwurf „Verbesserung der Terrorismusbekämpfung“,/resource/blob/1025292/eb5a56a1531c81117fbaa69b72f2c24e/20241018_4_xls.xlsx,/resource/blob/1025290/2fa971e5e9cdb8d96a1e8c26dbbbb2a2/20241018_4.pdf,12da23f5-f08c-4b13-ad20-3b5b9bc6ead1
18.10.2028,Gesetzentwurf „Verbesserung der inneren Sicherheit“,/resource/blob/1025302/2c382ac442d919404352c5158c0b9097/20241018_3_xls.xlsx,/resource/blob/1025300/7b70976e5c11f04d015835204158d428/20241018_3.pdf,78bc68a1-7d1d-4626-9b71-a171f119bcc4
18.10.2024,Artikel 5 des Entwurfs „Verbesserung der inneren Sicherheit“ (2. Beratung),/resource/blob/1025278/17eeb617722ac18288400d3d64594b86/20241018_2_xls.xlsx,/resource/blob/1025276/80565f24672f21b8eb1ba16ffeff3b15/20241018_2.pdf,65a313b8-0692-42cb-8802-a2af5de6825e
18.10.2024,Änderungsantrag zur „Verbesserung der inneren Sicherheit“,/resource/blob/1025268/58ef660357f9547b62c4a2a1e0ca22f8/20241018_1_xls.xlsx,/resource/blob/1025266/c5a4be9f5792edf1656df223884a8d96/20241018_1.pdf,53e87bb3-3d4f-4023-a2bd-17c347870fc1
17.10.2024,Bundeswehreinsatz im Irak,/resource/blob/1025098/74c19df8d1a37bd3770580f8105ccec0/20241017_3_xls.xlsx,/resource/blob/1025096/05bf7cce9f1165f074d73b8dfc7559c5/20241017_3.pdf,5174016f-7d08-4b60-9314-66b51d0534ac
17.10.2024,Gesetzentwurf zur Krankenhausreform,/resource/blob/1025078/a253236d7cd403a24537b3b61133ce73/20241017_2_xls.xlsx,/resource/blob/1025074/bb237f811ad32088ec7e1a64da1ee596/20241017_2.pdf,b57f8d33-82b5-4182-a01f-05a739dd0d27
17.10.2024,Lieferkettensorgfaltspflichtenaufhebungsgesetz,/resource/blob/1025010/2383e6b671732559e0ca8f2dab6fcb1a/20241017_1_xls.xlsx,/resource/blob/1025004/d99b8d0dfc1c7f0aeb62b35d19b39b9c/20241017_1.pdf,e0bca1e4-b4ff-42d5-98fc-ba548cbabda3
27.06.2024,Bundeswehreinsatz im Libanon (Unifil),/resource/blob/1010552/032a0e9aaa52153a43ca3f0fdcfe802d/20240627_3_xls.xlsx,/resource/blob/1010560/124a8f8aef02e0960ad754d2763b30da/20240627_3.pdf,eb865566-5478-451c-8012-ca3a898a45c2
27.06.2024,Bundeswehreinsatz im Kosovo (Kfor),/resource/blob/1010550/26f73a5de0e26e4331c4a9ce3b214b49/20240627_2_xls.xlsx,/resource/blob/1010556/38c805d062ae8f3589748dad65917a9f/20240627_2.pdf,9953dc12-de7b-47fd-8dea-8990c86ef15c
27.06.2024,Bundeswehreinsatz in Bosnien und Herzegowina (Eufor Althea),/resource/blob/1010546/5f38c2785e9d098572c3df4c61650e7b/20240627_1_xls.xlsx,/resource/blob/1010554/07ce6f9282f3fbcbe46508cb74586c7b/20240627_1.pdf,b10f2e4b-f141-418d-a502-61a8f18d79b7
13.06.2024,Beschlussempfehlung zu Antrag „Verbot des Vereins Muslim Interaktiv“,/resource/blob/1008270/80070a0c97211813276cb890efd16e68/20240613_2_xls.xlsx,/resource/blob/1008268/94770e76b2e7d91a19d1e18b3d55f692/20240613_2.pdf,4a2e35f6-3755-4b3c-968f-139eb0b00fdb
13.06.2024,Antrag zu Konsequenzen aus dem Terror von Mannheim,/resource/blob/1008166/4f9b1e1c4a4aa8d55ad5cb6d2bf14332/20240613_1_xls.xlsx,/resource/blob/1008164/e1127082a02c2e3bbd027ace32409024/20240613_1.pdf,857becf9-b93f-4119-b3e6-8bf32eaebf4c
13.06.2024,Lieferkettensorgfaltspflichtenaufhebungsgesetzes (Geschäftsordnungsantrag CDU/CSU),/resource/blob/1008328/21ab8f7882cd6913cef345afa2949d7c/20240613_3_xls.xlsx,/resource/blob/1008322/11fc82b1cccc11bab31796c1d49de69c/20240613_3.pdf,d586f2bf-13c0-4462-872d-2d7de948991d
06.06.2024,Beschleunigung immissionsschutzrechtlicher Genehmigungsverfahren,/resource/blob/1006544/5cc0803e1131e3f423dfbcfb9aa4ecd0/20240606_2_xls.xlsx,/resource/blob/1006536/927e1a11482d5424a9e3c0b4ea860dae/20240606_2.pdf,22d8864f-19b7-4cda-abf6-a32709f93819
06.06.2024,Ablehnung eines Antrags zur Bekämpfung des politischen Islam,/resource/blob/1006542/77e45bce8970535a17603041cb90ab8e/20240606_1_xls.xlsx,/resource/blob/1006534/facbb9c3664c9edd891603f7e0cd5cc6/20240606_1.pdf,945b612e-b46b-4a70-8022-1d018c709dc9
05.06.2024,Ablehnung eines Antrags zur Abschaffung des Solidaritätszuschlags,/resource/blob/1006416/e7c6befb428d666349ea326e07b60d73/20240605_1_xls.xlsx,/resource/blob/1006414/f8c73ff4e2ba2c2bf25db5d8d20a549a/20240605_1.pdf,73974c6f-6ad6-406c-a683-6526ed3af22e
16.05.2024,Ablehnung eines Antrags gegen den WHO-Pandemievertrag,/resource/blob/1002896/3a8cb3bc828314b2b994b8d12c25fa38/20240516_1_xls.xlsx,/resource/blob/1002894/99202ae672385fe2c2bf0609eb330999/20240516_1.pdf,2e00ca2a-8c07-4811-ba27-e269ab3451d6
26.04.2024,Erneuerbare-Energien-Gesetz (Solarpaket),/resource/blob/1000546/fcb9852960d53ef9d63071ec4933437b/20240426_1_xls.xlsx,/resource/blob/1000544/7520fd4a8fcc7f617ad10814e0bfad41/20240426_1.pdf,0b343364-cec7-4fba-baf2-81d9ec0a8728
25.04.2024,Operation EUNAVFOR MED IRINI (Beschlussempfehlung),/resource/blob/1000398/4f40bc39b4c6803f09fc5859d94e45b9/20240425_2_xls.xlsx,/resource/blob/1000396/8385ecb6de1b23dec5b9b0f223d22aa5/20240425_2.pdf,8b6b96fd-83b9-4e18-8f6b-c912732e1c84
12.04.2024,Energiewirtschaftsrecht (Gesetzentwurf BReg),/resource/blob/997732/5272417e477c960bb2c0540fa9f4cd54/20240412_2_xls.xlsx,/resource/blob/997730/84d53a9129ce29c437c9ccde7260e25b/20240412_2.pdf,b5905289-eab0-4672-89aa-029236342f7b
12.04.2024,Selbstbestimmung in Bezug auf den Geschlechtseintrag (Gesetzentwurf BReg),/resource/blob/997728/e15f240edff78057d5a2d455820ac52b/20240412_1_xls.xlsx,/resource/blob/997702/3536622acc5c2b066bd08e447b6a5edc/20240412_1.pdf,362ea305-3516-4ade-ac52-de3488f2afe7
21.03.2024,Bundeswehreinsatz in der Republik Südsudan (UNMISS),/resource/blob/994908/570d9c0023107a51e80807a59e501168/20240321_2_xls.xlsx,/resource/blob/994906/41a3b8a25fae86929a6a902a632c8707/20240321_2.pdf,d0d35970-0c45-42f7-8a8c-dad5103ce1af
21.03.2024,Bundeswehreinsatz SEA GUARDIAN im Mittelmeer (Antrag BReg),/resource/blob/994902/29f3a5c740f3359a246d13b4143927b8/20240321_1_xls.xlsx,/resource/blob/994904/9d77e976d8665834569eae47d081e9fe/20240321_1.pdf,131f1040-7e99-4527-8a3f-23e3e473e858
20.03.2024,Steuervergünstigung für Agrardiesel (Antrag AfD),/resource/blob/994900/dd72cd882c2fb9052d8099a561691d25/20240320_1_xls.xlsx,/resource/blob/994894/a3f2dfb5aa5ed4dde13b9e4274d0dc80/20240320_1.pdf,5038d36e-7b45-4b14-8032-6be1618d3771
14.03.2024,Lieferung des Taurus-Marschflugkörpers (Beschlussempfehlung),/resource/blob/993652/dd058fd1ec9b935dd6d26aa4ca12c3b1/20240314_1_xls.xlsx,/resource/blob/993650/947d6192180ad6b8076aaee1692db9ce/20240314_1.pdf,500a81f2-aaac-4c0c-88c4-926d298488ec
23.02.2024,Bundeswehreinsatz EUNAVFOR ASPIDES,/resource/blob/991266/ea66a2e844d4438d56c5a32e09619818/20240223_3_xls.xlsx,/resource/blob/991264/6a19b89fdf637495c42b1aeb3e029a2a/20240223_3.pdf,5ff036dc-4915-4d18-815f-b4061574c598
23.02.2024,Cannabisgesetz (GesEntwurf BReg),/resource/blob/991188/4853377738f10427572d3332a61b88ad/20240223_2_xls.xlsx,/resource/blob/991186/02db1ebe33d7651aed7ab7c01260cee9/20240223_2.pdf,825e16cb-8871-4328-8d6d-f60ada70ffc0
22.02.2024,Zehn Jahre russischer Krieg gegen die Ukraine,/resource/blob/990988/7afe7dade842a1da6e492ce63fc9f7e6/20240222_2_xls.xlsx,/resource/blob/990986/9422ac4bed448547f48f3b1dfde60d66/20240222_2.pdf,4e925c6c-942c-4138-be56-232ebd35b551
22.02.2024,Deutsche Außen- und Sicherheitspolitik (Antrag CDU/CSU),/resource/blob/990984/6ba034af96002c092ba9fd0c09483dc4/20240222_1_xls.xlsx,/resource/blob/990982/7d50afeec2642154c82c90f42ec3daad/20240222_1.pdf,dd47d38c-5c8a-4b87-9782-96a2f3a63fd1
02.02.2024,Haushaltsgesetz 2024 (Entschließungsantrag),/resource/blob/988760/a08df54819e771b530539ddad69aab95/20240202_3_xls.xlsx,/resource/blob/988764/41539e809fd1ada972d5f9e54b152af7/20240202_3.pdf,6ec7e855-f0d8-4f24-acc7-2f29f5d8df26
02.02.2024,Haushaltsgesetz 2024,/resource/blob/988770/7616a1d383ca6afa65017ee91be4660b/20240202_2_xls.xlsx,/resource/blob/988774/b255c0ce50e1e83655d910104b5dda8d/20240202_2.pdf,84275a2f-b44e-41b8-b177-e23aa686f73f
02.02.2024,Zweiten Haushaltsfinanzierungsgesetzes 2024 (Änderungsantrag),/resource/blob/988750/4042489a799a0297e481485e0f2ebd9a/20240202_1_xls.xlsx,/resource/blob/988754/e41c155910236b3a64f4f1261a2e0128/20240202_1.pdf,8d29dc4e-8cb5-4042-b84b-7a1f59b6e8e2
01.02.2024,Änderung des Bundeswahlgesetzes,/resource/blob/988584/7b49ddf1278d22ef74649ec01ec164b9/20240201_1_xls.xlsx,/resource/blob/988580/4c3c11f54a971a6dd7c8836dd19d49ac/20240201_1.pdf,a787e856-fe1f-4e67-9108-44a82ff1d423
31.01.2024,"Einzelplan 04, Bundeskanzler und Bundeskanzleramt",/resource/blob/988418/39e2fbef1892ee610e52f1d2d620e891/20240131_1_xls.xlsx,/resource/blob/988416/486c80b323c8327659f8b624ffb54cc9/20240131_1.pdf,bb87a7ee-ab3a-4837-b0fe-189bad59c8c3
19.01.2024,Modernisierung des Staatsangehörigkeitsrechts (GesEntw BReg),/resource/blob/986984/700072e75193bb119556e6cf843c1de7/20240119_1_xls.xlsx,/resource/blob/986978/486c80b323c8327659f8b624ffb54cc9/20240119_1.pdf,806c4047-e22a-4b08-8770-b2e62a14f12e
18.01.2024,Friedensinitiative für die Ukraine und Russland (Beschlussempfehlung),/resource/blob/986968/fde9c039e7765c6df7c6595e96625daf/20240118_2_xls.xlsx,/resource/blob/986966/1951b361ffa998cbc8331e7fc5ea617f/20240118_2.pdf,2ff0717f-cf53-4c50-a12f-955a9ecac92a
18.01.2024,Antrag zur Entlastung der Landwirtschaft,/resource/blob/986904/9c933e95ef8cc644e7d8fe1cae693e38/20240118_1_xls.xlsx,/resource/blob/986906/609729acfe5480bca6e3e3ed9db22af1/20240118_1.pdf,50a17bfa-13bc-4ff6-85d8-f19e57005b82
17.01.2024,Jahresbericht 2022 der Wehrbeauftragten (Entschließungsantrag),/resource/blob/986656/a13020e2386646553d5729b8dd40e0a0/20240117_1_xls.xlsx,/resource/blob/986654/0258f0ef05f1e5576f676fdbb3762087/20240117_1.pdf,9c939d7e-7309-4077-9936-c807b0b46de9
15.12.2023,Erneuerbare-Energien-Gesetz (GesEntw BReg),/resource/blob/983120/66873609e348994d2e74816790b7d40c/20231215_5_xls.xlsx,/resource/blob/983110/5ea1c06eb2764ae10d565b95b6cbe798/20231215_5.pdf,b09e0aae-7358-4792-bf4d-79855a22c44f
15.12.2023,Änderung des Parteiengesetzes,/resource/blob/983118/f4cfc95719e224c9e75745bb964edd80/20231215_4_xls.xlsx,/resource/blob/983084/f10cdcb378c70df97995d93c367dd529/20231215_4.pdf,3b2b2685-eda6-4c00-93fd-139f6eb119bb
15.12.2023,Nachtragshaushaltsgesetz 2023 (EntschlAntrag AfD),/resource/blob/983116/0db99957073c491cdf3fa08bb700f616/20231215_3_xls.xlsx,/resource/blob/983082/1fd157a4b7ba03f9b73274b9b22412b9/20231215_3.pdf,c3355ece-1e8e-484a-847b-0c74afe3c060
15.12.2023,Nachtragshaushaltsgesetz 2023,/resource/blob/983114/8fccb87903e694253248ccb9b1bda333/20231215_2_xls.xlsx,/resource/blob/983080/0ed9c51ede2105b9bff15e4a368908a1/20231215_2.pdf,5b9d2eca-33d3-4514-8c5c-f7dd0e24cca6
15.12.2023,Artikel 115 II GG,/resource/blob/983112/746d832f8f597cde0af6fcfc01e02b4a/20231215_1_xls.xlsx,/resource/blob/983078/0422055592068049e50218dc24a79676/20231215_1.pdf,4370f938-c382-4dd3-8896-3c2fa2a8e952
01.12.2023,Errichtung der Europäischen Bank für Wiederaufbau und Entwicklung,/resource/blob/980776/d2e147357cd50429edc4948a14db275b/20231201_1_xls.xlsx,/resource/blob/980774/71d2dde55eb63f7e964f4ae13bfb1890/20231201_1.pdf,cc199378-c7df-4a97-a884-468aed64c8c3
30.11.2023,EU-Gebäuderichtlinie (Beschlussempfehlung),/resource/blob/980592/838401d0d7e2420f1655e73c5e2d1b4a/20231130_2_xls.xlsx,/resource/blob/980594/ff608e34042df13b453c9966b9ee0b8f/20231130_2.pdf,c47527de-49dc-46fa-844d-a5867dd5a089
30.11.2023,Erbschaftsteuer (Beschlussempfehlung),/resource/blob/980588/b4e1921964b96f84b3cd031913e87611/20231130_1_xls.xlsx,/resource/blob/980590/ddc39d390b25940962bacad53109023e/20231130_1.pdf,af1b6719-af4d-4a85-a882-66822cb47d48
17.11.2023,Förderung des Einsatzes von Videokonferenztechnik in der Zivilgerichtsbarkeit und den Fachgerichtsbarkeiten,/resource/blob/978334/4e62aef8135f50716030d80f463bf61c/20231117_1_xls.xlsx,/resource/blob/978332/628670a09cd48b133100429994ef4c4e/20231117_1.pdf,579dc489-995d-4be4-8f6e-2d33b40c069d
16.11.2023,Reform des Nachrichtendienstrechts (GesEntw BReg),/resource/blob/978330/b9133a4203db58e2342756892771b8f7/20231116_2_xls.xlsx,/resource/blob/978328/e60b556436756ff8e6462566fc0bbeb2/20231116_2.pdf,24441a16-8425-489a-a70c-07c1e200ff62
16.11.2023,Bestimmung Georgiens und der Republik Moldau als sichere Herkunftsstaaten (Entschließungsantrag),/resource/blob/978326/cf2cc530b2db538bd7982c0336a8572e/20231116_1_xls.xlsx,/resource/blob/978324/bb0b9803f8d3271b33417afc32d18300/20231116_1.pdf,23358df2-27ce-458b-954f-e04af9d2c306
10.11.2023,Änderung des Atomgesetzes (GesEntw AfD),/resource/blob/976862/1e738b1b229b2a24b06639bb9a3c75cd/20231110_3_xls.xlsx,/resource/blob/976866/69d651afcc745d319e98cd71673c0f89/20231110_3.pdf,6dfe3b99-6236-448e-8821-426fa635a810
10.11.2023,Änderung des Atomgesetzes (Antrag AfD),/resource/blob/976860/e4314a735f7f6b5b3df11cf3729fe00d/20231110_2_xls.xlsx,/resource/blob/976864/9cacba32c763380b0be0c3b25fec0665/20231110_2.pdf,a9267f4e-6fd9-4a6e-bcbb-a34127ec8782
10.11.2023,Stiftungsfinanzierungsgesetz,/resource/blob/976854/842bc33755fea7f2a306e91bd6de96f3/20231110_1_xls.xlsx,/resource/blob/976852/d1ed6dbffe38da066cdc060878f34a39/20231110_1.pdf,57aaeb0f-9f0f-40e9-b9a6-62469d3fb694
20.10.2023,Änderung des Straßenverkehrsgesetz,/resource/blob/973374/e54aa93f968262bf292805a7c15b0019/20231020_1_xls.xlsx,/resource/blob/973372/12c428d824c8e83ce92b6569d8f92ed2/20231020_1.pdf,432f927d-e909-4e54-ad3f-981fc1259443
18.10.2023,Bundeswehreinsatz in Irak,/resource/blob/971360/2965df4da77882d46f6c1050ec226bb7/20231018_1_xls.xlsx,/resource/blob/971358/2ecaea0635a51fa968b6eafa45e47543/20231018_1.pdf,a3548a31-d20b-4802-bff5-f0dda174094c
28.09.2023,Bewältigung der Massenmigration,/resource/blob/968344/2bc19a58977a7ce8848b7f4d1b690cd2/20230928_1_xls.xlsx,/resource/blob/968342/eead39e4b4f75435d58b04b117c95560/20230928_1.pdf,9232e9b0-a2e1-4dcb-8466-e440a4fd12df
21.09.2023,Umsatzsteuergesetz,/resource/blob/967358/3473a75e860d646bba465d0a5ed3b6bf/20230921_2_xls.xlsx,/resource/blob/967356/b1598e224f0ca74200bc969d9622e251/20230921_2.pdf,41e4d926-ef4c-439d-b67a-c76305071f49
21.09.2023,Steigerung der Energieeffizienz (Änderungsantrag),/resource/blob/967370/faa52c89f5917acf143c685e087caf74/20230921_1_xls.xlsx,/resource/blob/967368/bde5209204c1864056b52336dfe896e6/20230921_1.pdf,f4a4ec86-0d28-4586-9c02-e014f61e49e0
20.09.2023,Rücktritt der Bundesministerin des Innern und für Heimat,/resource/blob/966964/ed2bbf95d7dc0e7ee59b38863f45754c/20230920_1_xls.xlsx,/resource/blob/966968/7ebf1fc64c53585d696dd06605e53047/20230920_1.pdf,be0a4aa9-6579-4d84-93f8-ceb60cc922e3
08.09.2023,Abschaffung Modernisierungsumlage (Beschlussempfehlung),/resource/blob/965264/08a322447662502d261ec5d5ee933f36/20230908_2_xls.xlsx,/resource/blob/965262/0b370070f20a8f1879cda742154b0283/20230908_2.pdf,97da35a5-fa1a-43e8-a462-dc78bb665b9e
08.09.2023,Gesetzentwurf Gebäudeenergiegesetz,/resource/blob/965260/d2b458816ce1f617e890d6e7364b4dac/20230908_1_xls.xlsx,/resource/blob/965258/c18a7f8034cae68be4292bfbb6550501/20230908_1.pdf,3cf67a9e-9db1-467a-afd5-a347b91cec7b
07.07.2023,LNG-Beschleunigungsgesetz,/resource/blob/957196/d5372432f50c43d0c6dd64c364f04299/20230707_1_xls.xlsx,/resource/blob/957194/b61568ee5fb32c9bd7d4ad7f657f2926/20230707_1.pdf,3ee4869e-b295-434c-a891-d0bfd28f6377
06.07.2023,Rasche u. geordnete Beendigung des MINUSMA-Einsatz,/resource/blob/957000/27ac745cc303224ebcecaa8e1d2fb8fe/20230706_4_xls.xlsx,/resource/blob/956996/9b14cabf4fde9a10a9a5a83ffc75c3a0/20230706_4.pdf,46f8cf8a-b7c6-48b6-b454-dfe483b98a21
06.07.2023,Suizidhilfe (Antrag Dr. Kappert-Gonther u.a.),/resource/blob/957056/50e19132edac3d8208b77a9dbe8df220/20230706_3_xls.xlsx,/resource/blob/957054/34f1ab54a6e5df6d75ef9e3091e170c7/20230706_3.pdf,694c7eab-683a-435e-923f-79b670b94d08
06.07.2023,Suizidhilfe ( GE Helling-Plahr/ Künast u.a ),/resource/blob/956992/21012058da3167c179c08e006b7fe68e/20230706_2_xls.xlsx,/resource/blob/956994/6fdc8737a8d4c1409279768067e2e674/20230706_2.pdf,85aa99e4-9c7f-48eb-a3d5-bff01d1399f6
06.07.2023,Suizidhilfe (GE Dr. Castellucci u.a.),/resource/blob/956990/eca92c25c1373e6415e848074e3947d8/20230706_1_xls.xlsx,/resource/blob/956988/b0d3630c612488b3e4a8f2ce967a4aee/20230706_1.pdf,3dfa03c4-beed-48b5-af4b-f916a5c95bf9
23.06.2023,Bundeswehreinsatz im Libanon (UNFIL),/resource/blob/955112/ad0383c8ce793ee374b6cd54af95cb1d/20230623_4_xls.xlsx,/resource/blob/955110/c341348143bb1a54c3a8d7e6b0045aef/20230623_4.pdf,25b49a86-c7f5-4d23-8cee-4633ca1f9470
23.06.2023,Bundeswehreinsatz in Bosnien und Herzegowina (EUFOR ALTHEA),/resource/blob/955106/b816ff0cb8a71f63eafc38845e33e5bc/20230623_3_xls.xlsx,/resource/blob/955108/e5975f578606343784ef172d3989c054/20230623_3.pdf,5df36907-498e-40cf-85e4-338e224d0b91
23.06.2023,"Erdgas-, Wärme- und Strompreisbremsengesetz",/resource/blob/955104/03e5ecb4e07489d88aa6a57918048d8b/20230623_2_xls.xlsx,/resource/blob/955102/43105c96154e8011ee89148040ca8ff0/20230623_2.pdf,ec494ef1-b2a4-4750-8599-dfccb18a8d3c
23.06.2023,Fachkräfteeinwanderung,/resource/blob/955060/f9190e978a9b0e2ae900f10b91ac58a7/20230623_1_xls.xlsx,/resource/blob/955062/5372d0a83126e0997ecc877ed7a38e00/20230623_1.pdf,393524be-e07f-4ee5-a0ba-ec18e51bc3a9
15.06.2023,Grenzüberschreitende Durchsetzung des Entsenderechts,/resource/blob/953460/7bd710b42a34ed0972466d0b79e275fc/20230615_4_xls.xlsx,/resource/blob/953462/7b1bba4ff1b367a7ad5f9549297130c3/20230615_4.pdf,57f21fa6-4391-4fe8-9da0-f6ffaf5b42f4
15.06.2023,Wahl zum Europäischen Parlament,/resource/blob/953456/b88432e26c4f364e42cf2f77bc9b2186/20230615_3_xls.xlsx,/resource/blob/953458/45a8a76a2731a7bcd2e1e747c4d3382a/20230615_3.pdf,6c3d8cac-00d1-48a8-9329-8fbba4dc1067
15.06.2023,Asylrecht in der Europäischen Union (Beschlussempfehlung),/resource/blob/953320/81c4de8f8edead1eb38680243b5b2364/20230615_1_xls.xlsx,/resource/blob/953316/a46e55dcc8dc000a76efc9262eeab911/20230615_1.pdf,10d3a9b1-b240-4eb5-96a9-c9eb8a56a383
26.05.2023,Bundeswehreinsatz in Kosovo (KFOR),/resource/blob/950442/42770b5347268264dcd3e62e7734c91f/20230526_3_xls.xlsx,/resource/blob/950440/d02500dd8aa4c97edec4c9493416cfc8/20230526_3.pdf,20835b19-44f1-47de-ac03-0a5f0e078140
26.05.2023,Bundeswehreinsatz in Mali (MINUSMA),/resource/blob/950436/a242a908d85a1577afc27420d454e52c/20230526_2_xls.xlsx,/resource/blob/950212/6cae4a1028022f3424e4a6b01cc4cd12/20230526_2.pdf,c7eace6a-2b73-4b00-81bc-f340dd02ac3f
26.05.2023,Pflegeunterstützungs- und -entlastungsgesetz,/resource/blob/950248/f94e6af2a9499d42ccf9a208abe256c7/20230526_1_xls.xlsx,/resource/blob/950434/83db0d064218ee2ed5851c51d5b9beb7/20230526_1.pdf,c27a289e-f1a7-4fd6-92ab-d6fe3d198a30
12.05.2023,75 Jahre Weltgesundheitsorganisation,/resource/blob/948196/8941bfcf1c46fe9b943bb57bc5b08f29/20230512_1_xls.xlsx,/resource/blob/948198/43e7b0a742dff9c535ce6fe701029d58/20230512_1.pdf,8eef312f-38f4-4360-8efe-d7e02c94d4d4
11.05.2023,"Beschlussempfehlung zum Antrag CDU/CSU: Abschiebehürden beseitigen, Ausreisepflichten konsequent durchsetzen",/resource/blob/947878/4e229b97282e8767d60b379e46af96d9/20230511_1_xls.xlsx,/resource/blob/947880/85cef2836b1f2ee2b928fc76612d3047/20230511_1.pdf,8f683311-e19f-4162-a069-9ebc77a398ba
10.05.2023,"Einsetzung eines Bürgerrates - Antrag der Fraktion SPD, Bündnis 90/Die Grünen, FDP und Die Linke",/resource/blob/947610/82d8771f4167d0b7ce363362753fcfd4/20230510_1_xls.xlsx,/resource/blob/947608/bf6ff2015db2683fe4c291b3b9a4342f/20230510_1.pdf,2a3cfc0a-e6bc-4a80-a875-a8f062c28bc5
10.05.2023,Einsetzung eines Bürgerrates - Antrag der Fraktion AfD,/resource/blob/947614/e99b39171aa2b763a88033422cf20729/20230510_2_xls.xlsx,/resource/blob/947612/49b958d968393cd9a57342d5c2ea2612/20230510_2.pdf,4a37d1c0-49a9-406f-93be-9c25aac786a4
28.04.2023,Änderung des Atomgesetzes,/resource/blob/945698/34a69ba5043f0fd16ee4d40de2b581f1/20230428_3_xls.xlsx,/resource/blob/945696/392e791ac57c81b90d06c0094b624fa8/20230428_3.pdf,96a41d40-4ff3-43f6-bc5d-20a9290c64a4
28.04.2023,Beteiligung bewaffneter Streitkräfte in Niger (EUMPM Niger) (Beschlussempfehlung),/resource/blob/945692/bd5f51b52e2f22e35e02af0317e044fc/20230428_2_xls.xlsx,/resource/blob/945690/9b2d36a2ba695f5a7fe5d3429deb0756/20230428_2.pdf,97a53a81-088d-4ce6-bb02-eaa9d53fbba7
28.04.2023,Asyl- und Flüchtlingspolitik (Antrag),/resource/blob/945684/750aa2541de0100f2cb4dcbc5fb8cc52/20230428_1_xls.xlsx,/resource/blob/945682/fc59948a5681bb636381dff30530b3d0/20230428_1.pdf,10fb3cf3-2cef-441a-982a-e71e0549a7e7
26.04.2023,Operation EUNAVFOR MED IRINI (Beschlussempfehlung),/resource/blob/945258/ee888121ff2f1fb316ce33f43e0190e4/20230426_3_xls.xlsx,/resource/blob/945256/006e492fa9bdd98f18cee1d00f166f6f/20230426_3.pdf,0464a3a5-2ae0-4270-afce-9c8c58252f94
26.04.2023,Bestandsmanagement Wolf (Beschlussempfehlung),/resource/blob/945254/408d67906065bd8337c516151628c111/20230426_2_xls.xlsx,/resource/blob/945252/e5f3d54938219ee1dbb39f3fa1aee583/20230426_2.pdf,42d757b8-ebca-4e0f-8bcd-88973d853f0e
26.04.2023,Evakuierung aus Sudan,/resource/blob/945248/d5159691c7e3bd8b3646beb65eac7441/20230426_1_xls.xlsx,/resource/blob/945246/35a4a83967f11ff0222a120bf8670271/20230426_1.pdf,65a86210-d9f6-4237-886f-1af38a651f4a
20.04.2023,Änderung des Energiesicherungsgesetz,/resource/blob/943710/dd8ef41db5297cc31215b1c06f6a9236/20230420_1_xls.xlsx,/resource/blob/943708/9126bb8d6867477cabe124e5054daf53/20230420_1.pdf,c7d04194-5f79-4865-8ff7-c3342085db9d
19.04.2023,Einsetzung des 2. Untersuchungsausschusses der 20. Wahlperiode (Bekämpfung des Corona-Virus),/resource/blob/943526/d334baf51e92ed92271a4d6aecc75314/20230419_1_xls.xlsx,/resource/blob/943520/bd7054ea5dd282c57a8e181d8cf32269/20230419_1.pdf,2533d692-0227-46a8-8be5-a53558e9494d
31.03.2023,Änderungsantrag der Fraktion der CDU/CSU,/resource/blob/941208/7b30eb2fd3f2825290655e55723e23fb/20230331_1_xls.xlsx,/resource/blob/941210/3bbcbb66da54a9c2004aa2c867c5b3ee/20230331_1.pdf,f2d07f49-3be2-452f-8204-11f863a71dfd
31.03.2023,Entschließungsantrag der Fraktion der CDU/CSU,/resource/blob/941214/3dc279d7da9d55dd1d410360a83c790a/20230331_2_xls.xlsx,/resource/blob/941216/4944978445567bc1084fca862ccfb765/20230331_2.pdf,139edb7b-d53a-422a-b14b-12d9d27633fe
30.03.2023,Bundeswehreinsatz in der Republik Südsudan (UNIMISS),/resource/blob/941000/398cd575d9abcebdcf6e3a44ba39b3be/20230330_1_xls.xlsx,/resource/blob/941002/17b1bc6611e81d0255e29f636a9486a3/20230330_1.pdf,4b0deac2-9e4c-4d83-a9f8-ee6793d690a4
29.03.2023,Bundeswehreinsatz SEA GUARDIAN im Mittelmeer,/resource/blob/940848/44f88b27eb6c903b38261945e79a4d84/20230329_1_xls.xlsx,/resource/blob/940850/81e48b5f23786af30a30ce6199d63f8a/20230329_1.pdf,5a50e6a8-ebf9-48b9-a5c6-f54edf1e03a4
17.03.2023,Änderung des Bundeswahlgesetzes,/resource/blob/938536/af16072b943b9488c43cb7013d8ff2c8/20230317_1_xls.xlsx,/resource/blob/938534/f14f49093089584adbc48038e94d0dff/20230317_1.pdf,01b2c5b5-bfa8-4ea4-a63e-0dbbc000b84b
15.12.2022,Energiepreisbremse (Strompreisbremse),/resource/blob/926864/a1f89d16ab39bdc8006d2b6182c8d1c3/20221215_2_xls.xlsx,/resource/blob/926862/5d0c77c8149b4574db443f8e7ec130b3/20221215_2.pdf,f040ea78-9967-4d30-87bf-c8ccde25ae73
15.12.2022,Energiepreisbremse,/resource/blob/924716/dba64b8574b02a12d0944e9fc731ef1f/20221215_1_xls.xlsx,/resource/blob/926644/6be0e0801a3002e6478bc8bf0a5716aa/20221215_1.pdf,42473cfe-1e40-4974-a087-917ef18b12d8
02.12.2022,Jahressteuergesetz 2022 (Artikel 29 und 40),/resource/blob/926648/0adfe08cf44222d22428a80862259bf3/20221202_2_xls.xlsx,/resource/blob/924718/3f404de4049d3f69939f5b885873cbff/20221202_2.pdf,ee247894-5739-4432-865e-d7e0dff00ead
02.12.2022,Aufenthaltsgesetz,/resource/blob/924668/9d77e571c6777604ebca0d0de068a648/20221202_1_xls.xlsx,/resource/blob/924666/ee448e646db31840046c7e6a45e3da3a/20221202_1.pdf,ae735642-d337-4271-83ed-f98a092fd1c4
01.12.2022,Braunkohleausstieg,/resource/blob/924508/a2ff9ecd070c58da55b4bce32aee3038/20221201_3_xls.xlsx,/resource/blob/924504/b236f63467ff94cfdac086f90077a8ba/20221201_3.pdf,ab54af9c-2b57-4ca9-845b-173560288998
01.12.2022,Änderung des Grundgesetzes (Artikel 82),/resource/blob/924506/870281e017ccccc547c707eddd36ffb3/20221201_2_xls.xlsx,/resource/blob/924502/757201fd8cc76e35164c00d982834e7b/20221201_2.pdf,fe7e5ba4-0e23-4e10-8afc-d2360f19d553
01.12.2022,Transatlantisches Wirtschafts- und Handelsabkommen (CETA),/resource/blob/924482/93b6f92f575255f612f962b6c4907983/20221201_1_xls.xlsx,/resource/blob/924484/61aca6579d2ff161212df333c7564975/20221201_1.pdf,546dc17d-5b4d-4cfa-bcba-fe915439f67d
25.11.2022,Haushaltsgesetz 2023,/resource/blob/923396/36648ac65ff1f9a54407642b7f4c1c41/20221125_2_xls.xlsx,/resource/blob/923392/66ce0f0acf29acf34fb91bcaf11e111d/20221125_2.pdf,aae5bbf2-6318-438d-903c-c6dc838ecb36
25.11.2022,Beschlussempfehlung Vermittlungsausschuss - Bürgergeld,/resource/blob/923268/ed05c8dd34e3e5e95f2ea7c6d4857393/20221125_1_xls.xlsx,/resource/blob/923264/953c33b66298c740a27a4248c147613e/20221125_1.pdf,9d21788d-4bcf-433a-989e-7508fd55d024
24.11.2022,Änderung des Energiesicherungsgesetzes,/resource/blob/922982/e3b03a7b45426803288063b724ce0751/20221124_1_xls.xlsx,/resource/blob/922978/f9981f1ab45920295d192c6539c67323/20221124_1.pdf,6d0fc80d-8cca-4e59-af33-b9bcbcc2a6b8
23.11.2022,Haushalt - Geschäftsbereich des Bundeskanzlers und des Bundeskanzleramts,/resource/blob/922366/62417cf1c3583f8e1e88bdd464c0e145/20221123_1_xls.xlsx,/resource/blob/922364/4efb09e09584cf0527f17c24f6a9e807/20221123_1.pdf,eb5c3d3d-5eac-4f26-9626-28184566f74a
11.11.2022,Änderung des Atomgesetzes (Beschlussempfehlung),/resource/blob/920636/57f25fac05c04575c243b0638ceaed80/20221111_3_xls.xlsx,/resource/blob/920634/e44ec360afaa49489651bbb4707f7a38/20221111_3.pdf,5d9b0497-4e97-4e33-a3d6-6df61792c426
11.11.2022,Änderung des Atomgesetzes - 19. AtGÄndG (Gesetzentwurf CDU/CSU),/resource/blob/920352/b954b985e4073314ae5e602db7f1a7a9/20221111_2_xls.xlsx,/resource/blob/920354/3cb1d53fc0d3783554d3672a62e5a884/20221111_2.pdf,c5012f98-630e-43dd-bd2b-520c8ec2e456
11.11.2022,Änderung des Atomgesetzes - 19. AtGÄndG (Gesetzentwurf),/resource/blob/920350/4088a7e0cba2b3846c0b568f01bf4b67/20221111_1_xls.xlsx,/resource/blob/920348/2c19f1932815721e884821adb6970fbd/20221111_1.pdf,97342f56-11b2-4615-af52-b8391e21e823
10.11.2022,Einsprüche anlässlich der Wahl zum 20. Deutschen Bundestag,/resource/blob/920606/524ef53bc99d86e61cfc1545d1a66e7c/20221110_9_xls.xlsx,/resource/blob/920604/ac03359d96f3749a22cf1f85a5283cda/20221110_9.pdf,2a9f8160-5369-4b28-95fb-dff3e8c44d60
10.11.2022,ERP-Wirtschaftsplangesetz 2023 (Änderungsantrag),/resource/blob/920570/2802aab0b75e0fb106cc03e12c8969f4/20221110_8_xls.xlsx,/resource/blob/920568/42ff44f8b6367a02b547cacfe935a432/20221110_8.pdf,a270550b-18e8-47ab-a542-b02eb852dfa9
10.11.2022,Änderung des Infektionsschutzgesetzes (2. Beratung),/resource/blob/920566/74823042a93e481e1d675cabe3e8dc36/20221110_7_xls.xlsx,/resource/blob/920564/178c386e299bd59d27be6113c5b88ed0/20221110_7.pdf,8eec6c77-971e-420d-a070-677d3bc7e843
10.11.2022,Vermögensabgabe für Multimillionäre und Milliardäre,/resource/blob/920562/91ddb35ca6a5f1a41b3ecaf93477a56a/20221110_5_xls.xlsx,/resource/blob/920560/8254959058d82bb6628fe5d268ef93fe/20221110_5.pdf,1bb6950f-ffed-4e03-a81f-01f1f5d01bb4
10.11.2022,Inflationsausgleichsgesetz (Gesetzentwurf),/resource/blob/920140/5eb4a0a275bfe9de3d396304412ff657/20221110_4_xls.xlsx,/resource/blob/920142/9460fbd6173f7fbbad53d266fdabbeec/20221110_4.pdf,4aa527b6-4160-4339-91f5-608ac96ad501
10.11.2022,Bürgergeld-Gesetz (Gesetzentwurf),/resource/blob/920132/39736d93d2d5db998374e6deb619d889/20221110_2_xls.xlsx,/resource/blob/920134/8cc97a49e244c938ed6691e694610660/20221110_2.pdf,987431e2-ffdf-4e2a-bd16-b9a88609951d
10.11.2022,Bürgergeld-Gesetz (Gesetzentwurf BReg),/resource/blob/920130/78a1a69bfc08595c5d0fd0a243b61ecf/20221110_1_xls.xlsx,/resource/blob/920124/9fda373e5dadf296835b721f22616597/20221110_1.pdf,5e7c756f-d2da-482d-ac5b-47f8e79756ee
10.11.2022,Bürgergeld-Gesetz (Beschlussempfehlung),/resource/blob/920138/8fb6d7e901ca02de1beacdc48479b1f6/20221110_3_xls.xlsx,/resource/blob/920136/46fd7358e9b0de14f28ec7205e6cf5c6/20221110_3.pdf,3f66338b-11d6-45a6-9ca1-aecb1af05385
21.10.2022,Einsatz der Bundeswehr im Irak,/resource/blob/917618/aae35e9dcbaa7dd5e45c014ed27187f0/20221021_3_xls.xlsx,/resource/blob/917616/9beb6bec88c4bcc37c984c590b8f0f18/20221021_3.pdf,f8f190d0-3d0b-46b1-a0bb-c48a2ff5ee3e
21.10.2022,Entschließungsantrag CDU/CSU zu Stabilisierungsfondsgesetz und Wirtschaftsstabilisierungsfond,/resource/blob/917614/1a222a8b5c67528f1701977973152bbb/20221021_2_xls.xlsx,/resource/blob/917610/bc700e1e3c6e24543f8891d245198d37/20221021_2.pdf,b3926d68-7f60-432a-9c8f-63aeabb78e61
21.10.2022,Antrag zu Beschluss gemäß Artikel 115 Absatz 2 Satz 6 und 7 Grundgesetz,/resource/blob/917564/915cd56168c2f824624ccd85df350a74/20221021_1_xls.xlsx,/resource/blob/917562/a2909f1f4792519f9d1ead1525ba8f9f/20221021_1.pdf,7ec6bec4-c803-4b93-a8cf-43e3dcaf7a5c
20.10.2022,Bundeszentralregistergesetz,/resource/blob/917510/803f3f9243fc27cfb1d3c76018da31a6/20221020_3_xls.xlsx,/resource/blob/917508/1219e818f9dac233beb27c3d79c20d5b/20221020_3.pdf,27ba9064-092b-42c3-b127-56ca3b51a727
20.10.2022,GKV-Finanzstabilisierungsgesetz,/resource/blob/917408/b560b42969415fe7d34137186e0b68d4/20221020_1_xls.xlsx,/resource/blob/917410/c5a2b52938c58fb17e0115072297a3d0/20221020_1.pdf,040fb75a-3e68-44d6-81f6-ffbc98ae4a96
13.10.2022,"Strom- und Gassperren, Gas- und Strompreisdeckel (Beschlussempfehlung)",/resource/blob/915404/a8836cf4698b6e42479ef50af0e53d25/20221013_1_xls.xlsx,/resource/blob/915400/ace09ef5522fcc5eda2969f744cf6eac/20221013_1.pdf,282132e0-923c-482f-b5b4-28434294b329
30.09.2022,Fiskalpolitische Disziplin in Europa (Antrag CDU/CSU),/resource/blob/912808/ab87bd735373b6ed8bdf3ae75a75b92c/20220930_1_xls.xlsx,/resource/blob/912812/d0ffb75e05d8f1e89bb8acadd455cbbf/20220930_1.pdf,abfdd746-a370-478b-b9be-00ddfc42aee1
28.09.2022,Entschließungsantrag zur Regierungserklärung vom 22. Juni 2022 (Beschlussempfehlung),/resource/blob/912592/4145e847d2a195e39b5b4308586a1cf1/20220928_1_xls.xlsx,/resource/blob/912590/6457f96202176460b976459606e00789/20220928_1.pdf,fe8d82db-cbc3-49b9-a4dc-62083ad91034
22.09.2022,Änderung des Atomgesetzes (Gesetzentwurf AfD),/resource/blob/911362/d7ba867bd0f1581237e2236ab1d3b488/20220922_3_xls.xlsx,/resource/blob/911360/f34a5e857dd715824fb4c7daac635ac5/20220922_3.pdf,03656aa3-0170-4e93-92de-12f57aecdaa1
22.09.2022,Änderung von Verbrauchersteuergesetzen,/resource/blob/911376/83068fe82c5fca93cb10eb9854512fa1/20220922_2_xls.xlsx,/resource/blob/911378/2bf3444e93e51fd2b1a6147dee8943dd/20220922_2.pdf,56dd6950-c324-43ff-a562-22f7e2948230
22.09.2022,Krisengewinne von Energiekonzernen,/resource/blob/911358/355001111adccd964a1f631194b22e53/20220922_1_xls.xlsx,/resource/blob/911356/6ff9dd324d9ed45f3f407e27b7edc6a0/20220922_1.pdf,976ff720-f766-4eac-80a0-48bfeee79a73
08.09.2022,Neufassung des Infektionsschutzgesetzes,/resource/blob/909062/4eba69be020b296c729cbf82595d6583/20220908_1_xls.xlsx,/resource/blob/909060/b3a683aaccffb6d732714abe0b96c541/20220908_1.pdf,9ed11d14-dd38-465a-a973-b7c60588d6b7
08.07.2022,Bundeswehreinsatz in Bosnien und Herzegowina (EUFOR ALTHEA) (Beschlussempfehlung),/resource/blob/903208/b24fcb317fa1e0def5a55da9d0c0f6fa/20220708_2_xls.xlsx,/resource/blob/903206/e7f15858bc3ecbd95a2f5c7364a64413/20220708_2.pdf,50c43489-0d22-4147-b97c-ce669288c40c
08.07.2022,Bundeswehreinsatz in Kosovo (KFOR) (Beschlussempfehlung),/resource/blob/903202/2b2085156e0b32166cd964eee143e00c/20220708_1_xls.xlsx,/resource/blob/903204/18758beab8256e0982fdc1ea605dae7b/20220708_1.pdf,da7ea99e-df7b-4777-a9e7-897129ddded5
07.07.2022,Bereithaltung von Ersatzkraftwerken (Beschlussempfehlung),/resource/blob/903200/29e3f1d10f5a75827ab809ce396c442e/20220707_9_xls.xlsx,/resource/blob/903198/c9fee19d315f4cfae142383758320586/20220707_9.pdf,674b567b-9e1a-44be-9d83-b6f9d8b5a6b3
07.07.2022,Bereithaltung von Ersatzkraftwerken (Änderungsantrag CDU/CSU),/resource/blob/903194/fd0b9692d365c10618dabf89340b546c/20220707_8_xls.xlsx,/resource/blob/903196/7233053a88f1e4b28281bade87112ac6/20220707_8.pdf,358039f8-e83c-42e5-a362-c29deb4a771b
07.07.2022,Bereithaltung von Ersatzkraftwerken (Änderungsantrag CDU/CSU),/resource/blob/903192/ed88ad917acdc0c49f4dc46972ad785c/20220707_7_xls.xlsx,/resource/blob/903190/daa6a906faae3ad8e9c20e7ae2cc8b39/20220707_7.pdf,9451665f-563b-4836-86ea-7edeb4a7c44d
07.07.2022,Bundeswehrbeschaffungsbeschleunigungsgesetz (Entschließungsantrag CDU/CSU),/resource/blob/903188/95cbb29c245f4947c5c7c62441043361/20220707_10_xls.xlsx,/resource/blob/903186/d67732426d8728c8ea09a68a8bbd0025/20220707_10.pdf,82ce11af-7f2b-4485-9595-3e3bdcc33ca2
07.07.2022,Beschleunigter Ausbau erneuerbarer Energien (Beschlussempfehlung),/resource/blob/903082/6aa2e28b79aca36c72d2d5ad970f5645/20220707_5_xls.xlsx,/resource/blob/903080/436e875c60632494db14f91128a37ff4/20220707_5.pdf,1c52cbbd-0e14-4859-b649-ce0b01010a81
07.07.2022,Bundesnaturschutzgesetz (Gesetzentwurf),/resource/blob/903014/77938c7db3a58cd58df12aafda4e2a42/20220707_4_xls.xlsx,/resource/blob/903012/533e46a2bf81cd78a92f3143ebc3abc2/20220707_4.pdf,6f81aec3-9449-4a5c-a228-9b4d5d3c5129
07.07.2022,Windenergie an Land (Gesetzentwurf),/resource/blob/903010/b9ce8f1de976d7fea0b44742ce2b5330/20220707_3_xls.xlsx,/resource/blob/903008/3682304950dbaf6173ef9aceb92bd000/20220707_3.pdf,b88f4b46-d42a-4592-97b8-2689eae8ab09
07.07.2022,Windenergie auf See (Gesetzentwurf),/resource/blob/903006/d5ddbe61b86934bb9281c115d1665498/20220707_2_xls.xlsx,/resource/blob/903004/f9e9d45b3f870fc3776cc2d80636bb58/20220707_2.pdf,1760e5ba-a027-4c81-82d1-faa9aaccdf3f
07.07.2022,Sofortmaßnahmen für einen beschleunigten Ausbau erneuerbarer Energien (Gesetzentwurf),/resource/blob/903000/2444413385434f7d7ddf987fd572e68e/20220707_1_xls.xlsx,/resource/blob/902998/c7aa410ce1efbc95c432e5ac8cadc3e3/20220707_1.pdf,e79ae787-dab1-4d4b-95be-2cac0fd87404
23.06.2022,Beteiligung deutscher Streitkräfte an UNIFIL (Beschlussempfehlung),/resource/blob/900564/f289f470de93a595a1dd6fdfd91f49b8/20220623_2_xls.xlsx,/resource/blob/900552/e48beb9358da0dda828e657647eb0870/20220623_2.pdf,c61c0af1-a56a-4eaf-901f-ab551157758f
03.06.2022,Sondervermögen Bundeswehr (Gesetzentwurf),/resource/blob/898016/5f98b808f143282b74807f7410c921b1/20220603_6_xls.xlsx,/resource/blob/898014/605aea696260cdfc3597375f325aab2b/20220603_6.pdf,b55eca7d-6d96-4a44-8bbb-c0c1b3d035df
03.06.2022,Bundeswehrsondervermögensgesetz (Antrag AfD),/resource/blob/898010/a195ac2f92281ec46d6e88e5e1265c6b/20220603_5_xls.xlsx,/resource/blob/898012/3d8978dff55758c54261560d26ac3fa6/20220603_5.pdf,241e9494-5ea5-42a0-a3e0-3eb1f27deb81
03.06.2022,Gesetz zur Änderung des Grundgesetzes (Artikel 87a),/resource/blob/898008/2c4bf61d8304a7d80c88545b62324f4d/20220603_4_xls.xlsx,/resource/blob/898006/8a3c4c6984b1ccaffeb49012706a8c41/20220603_4.pdf,dae30ae3-7033-4e22-adee-328253f57c60
03.06.2022,Haushaltsgesetz 2022 (3. Beratung),/resource/blob/898004/791b283e6dbbc9ecfcce257506644abc/20220603_3_xls.xlsx,/resource/blob/898002/f82dc8188076f8d019d0ece9e15e69a4/20220603_3.pdf,1473543b-2a2f-4a7b-83a1-45be6d54a566
03.06.2022,Beschluss gemäß Artikel 115 Absatz 2 Satz 6 und 7 des Grundgesetzes,/resource/blob/897984/f2945eb4430eb48b5ef70531ae4e7f94/20220603_2_xls.xlsx,/resource/blob/897982/0956d2be1d4c1041988575c8f4ecba03/20220603_2.pdf,383e5ebb-6f00-457e-8624-e5610a220d14
03.06.2022,Mindestlohn,/resource/blob/897968/5ae15fb264293adbc79599460f3c8433/20220603_1_xls.xlsx,/resource/blob/897966/16f16dcf4d3420f7482885da4e0937ae/20220603_1.pdf,0475bb9a-68bb-4a77-8434-f4866649b0b5
01.06.2022,Haushalt Bundeskanzler / Bundeskanzleramt (Beschlussempfehlung),/resource/blob/897600/ee78dde97872da645914b6afb00e6ef0/20220601_1_xls.xlsx,/resource/blob/897598/945d9594784cbab29ed3597ce012c7e9/20220601_1.pdf,deb4638c-4ade-46d7-8973-40f6cb6c41f0
20.05.2022,Bundeswehreinsatz im Sahel mit Schwerpunkt Niger (EUTM Mali) (Beschlussempfehlung),/resource/blob/896468/06ab58977e1eabb69da4f26bfdac11dc/20220520_2-xls.xlsx,/resource/blob/896464/d8a6f924d2340498a6e3e67fa1956fe1/20220520_2.pdf,b86f02f2-d08b-4cd4-8847-e1b84fe6ab99
20.05.2022,"Wohneigentumsförderung, Gebäudeeffizienzförderung (Beschlussempfehlung)",/resource/blob/896458/ef9e50cb935376819563d1c34717fe5c/20220520_3-xls.xlsx,/resource/blob/896454/cb736f1ddca20ea87d2faf5202b524a2/20220520_3.pdf,53c546e4-5d4f-47e7-9c85-2fb0d70b3532
20.05.2022,Bundeswehreinsatz in Mali (MINUSMA) (Beschlussempfehlung),/resource/blob/896392/416ad6bf5f418af66a729eecd31496c9/20220520_1-xls.xlsx,/resource/blob/896390/197152feb266e4a35aef34e223f7f1fd/20220520_1.pdf,740a1e1e-4881-4f69-9800-486e2a9abda2
19.05.2022,Pflegebonusgesetz (Beschlussempfehlung),/resource/blob/896344/7151a9a00e10fddd60f187f0dc55ada9/20220519_3_xls.xlsx,/resource/blob/896342/673ddaee63062eb023d8f94069b1c2aa/20220519_3.pdf,2ad2475a-ac3a-4e42-9b2a-8f262875bccd
19.05.2022,"Ukrainehilfe, Nahrungsmittelversorgung weltweit (Beschlussempfehlung)",/resource/blob/896340/ee0a66bac91a975bb9c622272882a1f3/20220519_2_xls.xlsx,/resource/blob/896338/c7dbc9de72dd35b9c5e99522a0427592/20220519_2.pdf,f369d020-ef55-4f83-b5c3-87482e47994a
29.04.2022,Fortsetzung der Beteiligung bewaffneter deutscher Streitkräfte an EU NAVOR MED IRINI (Beschlussempfehlung),/resource/blob/892118/01f577f552f0c2c5a497774490888b34/20220429_1_xls.xlsx,/resource/blob/892114/bc2111b00aee14b29569fed34be5cf68/20220429_1.pdf,b758b7f1-9388-4a4f-aa10-eb870ec5847b
28.04.2022,Umfassende Unterstützung für die Ukraine (Antrag),/resource/blob/891806/fc172f0568d7ac11f829632a4bfeefff/20220428_1_xls.xlsx,/resource/blob/891804/e8028d61cbfb0445992779d4b8d416bd/20220428_1.pdf,2227ae51-7db2-423e-9b08-a84232a0cfd6
07.04.2022,Impfpflicht gegen SARS-CoV-2 (Antrag der Fraktion der AfD.),/resource/blob/889538/8c12ac3882e6ff47a1d0e897145f0844/20220407_5_xls.xlsx,/resource/blob/889532/905456480f3de2aa82bcf8c37be785e6/20220407_5.pdf,f1129c4e-dc39-4385-a157-b1b135b3e0a1
07.04.2022,Impfpflicht gegen SARS-CoV-2 (Antrag der Gruppe Kubicki u.a.),/resource/blob/889526/418105a8b53c911f9346ca5aa3f1ce92/20220407_4_xls.xlsx,/resource/blob/889512/b2c1f58683e28a91833d6fbbf35c180e/20220407_4.pdf,384d845b-4aca-4ac7-8750-c286de74b572
07.04.2022,Impfpflicht gegen SARS-CoV-2 (Antrag der Fraktion der CDU/CSU),/resource/blob/889510/933cd5c06d6827a1e383026f838ed3c8/20220407_3_xls.xlsx,/resource/blob/889508/3750aee50c232eefff9756fbfdcbec0e/20220407_3.pdf,3aacbea3-0f7a-4269-b299-583a1975f92a
07.04.2022,Impfpflicht gegen SARS-CoV-2 (Gruppe Baehrens/Janecek u.a),/resource/blob/889504/8e632ee7fe79c253abc28396b9471e7f/20220407_2_xls.xlsx,/resource/blob/889498/933f41d430fe3c84c5f0aaa598020185/20220407_2.pdf,5f731d0b-fc6b-46ae-a166-ed3aa258c1f0
18.03.2022,Bundeswehreinsatz in Südsudan (UNMISS),/resource/blob/885150/ea414a8c94eda63229a71ca14c33d5d8/20220318_2_xls.xlsx,/resource/blob/885148/660c9a13973728edbf1a3c66a5d95350/20220318_2.pdf,d9955d9f-dffc-4809-897e-d80ef16813fc
18.03.2022,Bundeswehreinsatz SEA GUARDIAN im Mittelmeer,/resource/blob/885146/d2b3191bc87ca7d0763e179537e0c339/20220318_3_xls.xlsx,/resource/blob/885144/d7e13e22d9536bba2048a5e6b2f987e5/20220318_3.pdf,a8f3f10f-7fe1-44c7-ae36-3c6b40adc105
18.03.2022,Änderung des Infektionsschutzgesetzes,/resource/blob/885122/22172102344f37c25091eefb0fc83da7/20220318_1_xls.xlsx,/resource/blob/885120/5dd70d1dea5ea082454032fa9f52616e/20220318_1.pdf,5e6fe09d-e37a-46d7-bf7f-48c495624c5b
17.03.2022,Energieversorgung (Antrag CDU/CSU),/resource/blob/884862/4d8ccf6def4576293e162f2a4f4adc21/20220317_1_xls.xlsx,/resource/blob/884860/6859c1ccbe564f28c83e97853cdc3b9c/20220317_1.pdf,a38ea2af-a609-4e91-93ab-e24868cb4d02
28.01.2022,Einsatz bewaffneter deutscher Streitkräfte im Irak (Beschlussempfehlung),/resource/blob/879670/d78ca6f9e412a3f2625f09f3b2cc8b93/20220128_1_xls.xlsx,/resource/blob/879668/75f0290abb17f03189826b0ffa13b4b4/20220128_1.pdf,a58832ab-6b6a-427d-b58f-71872e44e8a5
27.01.2022,Zweites Nachtragshaushaltsgesetz 2021,/resource/blob/879588/8523f869ac100d9930710c3270462ad0/20220127_3_xls.xlsx,/resource/blob/879586/4c66a73af9ea164751d5be32496d404a/20220127_3.pdf,24f0fa6f-8daf-436a-9ccc-05aa6130c73b
27.01.2022,Beschluss gemäß Artikel 115 Absatz 2 Satz 6 und 7 Grundgesetz (Antrag),/resource/blob/879584/f41fe5c78884661564294ba3d10e7f42/20220127_2_xls.xlsx,/resource/blob/879524/9f0a4c5b9f1d59955299c6ce150bec33/20220127_2.pdf,a6bceec6-aa6a-4bdc-927d-6a2a631e235d
10.12.2021,"Stärkung der Impfprävention gegen COVID-19, Änderungsantrag Die Linke",/resource/blob/871168/ec497a65633a319945e42567ba6e95c7/20211210_1_xls.xlsx,/resource/blob/871166/2bbbab5d3411ba8e178f97e0447d5e67/20211210_1.pdf,cd73ac1d-6bcb-4515-87ec-0813aeb511df
10.12.2021,"Stärkung der Impfprävention gegen COVID-19, Gesetzentwurf SPD, Bündnis 90/Die Grünen, FDP",/resource/blob/871170/02c25047c987ff7d57bf0ff7d0244000/20211210_2_xls.xlsx,/resource/blob/871172/53e908b68eb01fe182fa3ba9ad979185/20211210_2.pdf,a0c4dc52-2fdd-4e3e-8395-d9e8d99479d2
18.11.2021,Änderung des Infektionsschutzgesetzes (Entschließungsantrag CDU/CSU),/resource/blob/869200/d2cd87b8b8a373c8b337943020fbe63e/20211118_2_xls.xlsx,/resource/blob/869198/f788e9817fae4ba03ba44394113d36bd/20211118_2.pdf,3c4874c5-0170-400a-8147-2036738771dd
18.11.2021,Änderung des Infektionsschutzgesetzes,/resource/blob/869170/ec9f6da4953ad8112d2fc27a8fe6a355/20211118_1_xls.xlsx,/resource/blob/869162/fd4636f419cf9c25bdfa8f78b2f24739/20211118_1.pdf,1713ec2a-4597-4610-8d8d-a3391d409649
07.09.2021,Änderung des Infektionsschutzgesetzes; Einschränkung von Grundrechten,/resource/blob/858448/674aebfc7e39ee171846af8db7f93cd1/20210907_1_xls.xlsx,/resource/blob/858446/50a820f3d5c465ecc69eec0f2d6a9d1b/20210907_1.pdf,1613902c-872d-4b1e-b6bb-c704045e1afe
25.08.2021,Epidemische Lage von nationaler Tragweite,/resource/blob/855786/e00cf56a8b3c7568c3f8a6efffd4b286/20210825_2_xls.xlsx,/resource/blob/855784/677decf9258dba7e51d4a5e996ec0b05/20210825_2.pdf,48d598eb-70c6-4973-96c1-e382287e5231
25.08.2021,Bundeswehreinsatz zur Evakuierung aus Afghanistan,/resource/blob/855782/6c6c95f81fd2de67d9eff9189fc57464/20210825_1_xls.xlsx,/resource/blob/855780/61b1952fe773a3d8ab4f28042f99a472/20210825_1.pdf,bcc7cf2b-c805-4894-8618-8dbc77879fa2
24.06.2021,Änderung des Infektionsschutzgesetzes; Einschränkung von Grundrechten,/resource/blob/849690/9b8ddbb2a5c563adbb17a44aabe20770/20210624_3_xls.xlsx,/resource/blob/849680/5c956e7483c74c44c5b868a1b6058e5a/20210624_3.pdf,40441efc-e0b2-45c8-869f-c55cf5e3fd1c
24.06.2021,Verwendung geschlechtergerechter Sprache,/resource/blob/849688/7b2a67a6a92f652fc3783341ae70e7dc/20210624_4_xls.xlsx,/resource/blob/849678/faf9907b16e99775aec56717bf41591c/20210624_4.pdf,737c2cfc-d4c6-44bb-be10-fd8f7a63c787
24.06.2021,Bundeswehreinsatz in Kosovo KFOR,/resource/blob/849686/5086b948963944d583145ccf51effa88/20210624_5_xls.xlsx,/resource/blob/849676/7739e532250b289bcad212452ac47e4c/20210624_5.pdf,ca497ccb-ea1c-4b4c-add1-1938d00da41b
24.06.2021,Bundeswehreinsatz in Lebanon UNIFIL,/resource/blob/849684/ff2ea2ac9539df90ce5f94229e2e72c5/20210624_6_xls.xlsx,/resource/blob/849674/293878a790085a56046018724a603431/20210624_6.pdf,1192cd6d-6b18-4c5e-bff6-59ef7cfbbe5e
24.06.2021,Klimaschutz,/resource/blob/849646/ae75b65c93ce3b7e7bbe63ae056ca326/20210624_1_xls.xlsx,/resource/blob/849642/faf60bd7eb35d72504f7bd5091b5e06a/20210624_1.pdf,73b003f4-9334-4b01-8fd6-6e752c4ae753
24.06.2021,"Bundesnaturschutzgesetz, Insektenschutz",/resource/blob/849644/a84dfc5b5b062d5baadfae31da48be47/20210624_2_xls.xlsx,/resource/blob/849640/85d6b0a549d8d953d89033776ddf0c08/20210624_2.pdf,53571a55-db73-4132-b5e4-09fabc71d3d2
11.06.2021,Fortbestehen der epidemischen Lage,/resource/blob/847194/c383a4ada6294303562b72f5e985b0e9/20210611_2_xls.xlsx,/resource/blob/847192/48400662402519a465dacd9fcf73592b/20210611_2.pdf,1cc0814f-ec05-454d-9d60-3e02365c5f56
11.06.2021,Lieferketten,/resource/blob/847112/349804bb325ca048ac30ece721618425/20210611_1_xls.xlsx,/resource/blob/847110/6fe94a324a5a83e194a3c9383966e97a/20210611_1.pdf,12d981df-3f5a-4d07-98ae-01cea89872f5
10.06.2021,Änderung des Vermögensteuergesetzes (VStG),/resource/blob/846914/5f546abffc7242380deec98c1a7b2dcb/20210610_4_xls.xlsx,/resource/blob/846918/388a38a866516b58618fc66b42b3219b/20210610_4.pdf,6d8dacf6-3400-4b5a-958d-c4b0d1d49376
10.06.2021,Änderung des Atomgesetzes,/resource/blob/846912/a46dbd63d6e370e421918900264180cc/20210610_3_xls.xlsx,/resource/blob/846916/54cd7ef81c15e520165f877c2a378b72/20210610_3.pdf,4c1e3556-2dde-4c5a-be93-8d27b0e0d87a
10.06.2021,Anpassung des Verfassungsschutzrechts,/resource/blob/846866/8d7c6326a51e37719168487ec0524083/20210610_2_xls.xlsx,/resource/blob/846864/45b79202d33ec7ee81f10bf253b9453d/20210610_2.pdf,540bc710-f046-440d-a0ff-d25ee17a64b8
20.02.2021,Einspruch gemäß Paragraf 39 der Geschäftsordnung des Abgeordneten Rüdiger Lucassen gegen einen in der letzten Sitzung erteilten Ordnungsruf,/resource/blob/843350/b7d5f945ec50af63b8de212a082b903b/20210520_1_xls.xlsx,/resource/blob/843348/faa13bb4b6491b515e1044b279d5821d/20210520_1.pdf,5ea5d472-1abd-4ceb-a4d0-64f68945e981
19.05.2021,Geschlechtliche Selbstbestimmung (Gesetzentwurf FDP),/resource/blob/843090/47dbf8dee75f8a662bb2531a06bca4b9/20210519_2_xls.xlsx,/resource/blob/843076/e7fd6a6218148d0594adab948e818f5f/20210519_2.pdf,a4f8eb18-9c3a-492f-ac52-03709a1d4604
19.05.2021,Aufhebung des Transsexuellengesetzes und Einführung des Selbstbestimmungsgesetzes (B90/Grüne),/resource/blob/843088/a0858e58a0cf8f88fa363bcc5674aef9/20210519_3_xls.xlsx,/resource/blob/843074/b23a66a9728bf4a7ecb06bc9ad058b26/20210519_3.pdf,7b3b9cb0-24f3-49e7-be33-27fc71778a76
19.05.2021,Fremdbestimmte Operationen an trans- und intergeschlechtlichen Menschen (Die Linke),/resource/blob/843086/fb77153205f8c70a302970712b211a4b/20210519_4_xls.xlsx,/resource/blob/843072/7632a53be2b4c46ccff058fdf2f28e3f/20210519_4.pdf,e704ac2c-1dc9-4cd9-8b20-3fcf16644d6d
19.05.2021,Bundeswehreinsatz EUTM Mali,/resource/blob/843084/72bf6fa1741d44b6ca7b97970f272d54/20210519_5_xls.xlsx,/resource/blob/843070/ce99c2492fd1aad78775b93a1a52626b/20210519_5.pdf,7346e23c-bf05-49b4-9cb9-3e17af8823f2
19.05.2021,Bundeswehreinsatz in Mali (MINUSMA),/resource/blob/843092/06b139f9ef61631578be4ce18f4cdfe2/20210519_1_xls.xlsx,/resource/blob/843068/1a15a6490673b3f682e6e74a26cd43d3/20210519_1.pdf,11a0338d-ae92-4cc3-aea7-cd1e7f14d10d
07.05.2021,Mobilisierung von Bauland (Änderungsantrag),/resource/blob/840528/946246fe765ae77836d7a75d618ece16/20210507_1_xls.xlsx,/resource/blob/840530/a02781ccd03466d1f213fbda2cd5d9d5/20210507_1.pdf,a2d78b87-3d7a-489e-a0c8-ec49d04d3ab5
06.05.2021,Patente für Impfstoffe freigeben (Beschlussempfehlung),/resource/blob/840292/e7363b97afc60cd2a53de36d1332fa95/20210506_4_xls.xlsx,/resource/blob/840290/c468e809ee2ad3800d2404e81fe7200c/20210506_4.pdf,0b972721-732f-455e-909f-e9ed0bdb8766
06.05.2021,Ablösung der Staatsleistungen,/resource/blob/840288/93694fd6f592e25271c95c4061032dad/20210506_3_xls.xlsx,/resource/blob/840286/33d80acf97f81c89d090617c68557b05/20210506_3.pdf,652bbbef-0afa-4859-b09f-9da9cb33211e
06.05.2021,COVID-19-Schutzmaßnahmen-Ausnahmenverordnung,/resource/blob/840160/3f30ab4d8431f493fcc217a3c5f55e38/20210506_2_xls.xlsx,/resource/blob/840162/3a6a610536900e0017c66c59402a62a2/20210506_2.pdf,6f2804e3-7d8d-404e-b86f-ae7d2ba929de
06.05.2021,Bevölkerungsschutzgesetz - Normenkontrolle,/resource/blob/840148/10c10a8944eed4cc1f50498d982860e3/20210506_1_xls.xlsx,/resource/blob/840156/bb53c19905c633e8baea522b4570d309/20210506_1.pdf,6dfa360e-4330-4094-9609-6a1695da1ba3
23.04.2021,Nachtragshaushalt (Beschlussempfehlung),/resource/blob/837030/61af328ad76e342a35adaf3f0e5ac1b3/20210423_1_xls.xlsx,/resource/blob/837028/bed223aeb0e83b9f7b1d84ff8539eea9/20210423_1.pdf,0ee1d192-59a0-4d19-baf3-9d37122dd98e
21.04.2021,Operation EUNAVFOR MED IRINI,/resource/blob/836560/1ca0b355212467fe45638f64791e168e/20210421_8_xls.xlsx,/resource/blob/836558/e67e78c50fe1a22278d3c41ec42abccb/20210421_8.pdf,842d0440-533e-499a-a310-d98f1db47eb6
21.04.2021,EU NAVFOR Somalia Operation Atalanta,/resource/blob/836548/5675d05d7421facc6963ced2e6d7e622/20210421_7_xls.xlsx,/resource/blob/836546/8e50d7357393ad1c09568e9f43657839/20210421_7.pdf,506971b3-2116-42fc-9321-0648454eba4f
21.04.2021,Gesetzentwurf Bevölkerungsschutzgesetz,/resource/blob/836492/4a95ebb620cdee41bc1c815ea5b2c776/20210421_6_xls.xlsx,/resource/blob/836490/e63837d2aa7a4f2cba9a4e61359c6226/20210421_6.pdf,94d1a72b-c24c-4360-a54b-ff731c9e5287
21.04.2021,Bevölkerungsschutzgesetz - Änderungsantrag (19/28760),/resource/blob/836514/d666941f53f2532926a3d78dc1c88c95/20210421_5_xls.xlsx,/resource/blob/836512/36e624a38fb64c696b1b62130d54a164/20210421_5.pdf,9854307d-9785-47eb-b521-1334c2b6f296
21.04.2021,Bevölkerungsschutzgesetz - Änderungsantrag (19/28756),/resource/blob/836470/e0e873c8884c60a0375dd8e48931b0a4/20210421_4_xls.xlsx,/resource/blob/836466/e9f485933da06283a7bbe571d6005e18/20210421_4.pdf,3ea66b12-0b5b-4186-a41f-f3ed07faba3e
21.04.2021,Bevölkerungsschutzgesetz - Änderungsantrag (19/28755),/resource/blob/836488/bd47fd720b996b8156233f21c388e861/20210421_3_xls.xlsx,/resource/blob/836486/b0c366a563f000e851716f1f39b0cd6b/20210421_3.pdf,d7101a5c-798d-4731-9e43-4f25f74e46b3
21.04.2021,Bevölkerungsschutzgesetz - Änderungsantrag (19/28753),/resource/blob/836450/494041b9a08311a36b0a465d72c90c24/20210421_2_xls.xlsx,/resource/blob/836448/315735d29099e02371747ec94e674253/20210421_2.pdf,e4daaaf4-f8f6-446d-876b-c83642823f43
21.04.2021,Bevölkerungsschutzgesetz - Änderungsantrag (19/28752),/resource/blob/836446/377bec5981bfc8069e99bfcb74bdb465/20210421_1_xls.xlsx,/resource/blob/836444/660ea0651ebaa6832d0736902ff39697/20210421_1.pdf,a3b473e6-64f6-47b2-801a-0c28ee096373
14.04.2021,Energieversorgung in Deutschland,/resource/blob/834406/606e460412dd477bfe1dc0687f3436b9/20210414_1_xls.xlsx,/resource/blob/834404/0468e25937f301eb3d3887cd4e9fb4f2/20210414_1.pdf,e55f8627-3dd6-4d98-b74e-e64507822e97
25.03.2021,Transparenzregelung für Abgeordnete,/resource/blob/831116/6777873d74c953d18c4523027fbc2c9f/20210326_1_xls.xlsx,/resource/blob/831114/04c6a5f56ec1d1769d50171ce4c1e34c/20210326_1.pdf,15394d1c-88ae-411b-9b77-a71f6af927e8
25.03.2021,Bundeswehreinsatz in Afghanistan,/resource/blob/830930/8d4a2b459d895ae17d29936b7f896a95/20210325_3_xls.xlsx,/resource/blob/830928/58b82bbc764f898328a42376d45d4a19/20210325_3.pdf,b348c543-a672-4151-81be-aed265e3c700
25.03.2021,"BND-Gesetz, Kontrolle der Nachrichtendienste",/resource/blob/830932/8e3176bc8aa0ed5bda8e76a2aa3afe08/20210325_2_xls.xlsx,/resource/blob/830926/c7482143181d20027ac196b3bfa47cb0/20210325_2.pdf,104331aa-0120-481a-8d5c-54618969632c
25.03.2021,Eigenmittelsystem der EU,/resource/blob/830768/2f56913ae332b72e70520e6a2bd49c80/20210325_1_xls.xlsx,/resource/blob/830770/4eaeec53517754f6fb024399ee1b1742/20210325_1.pdf,2d4d84d7-03f8-4af6-962d-f21b3265af3c
04.03.2021,Epidemische Lage von nationaler Tragweite,/resource/blob/826400/f662f203b4210c5a31d16afe33a537ac/20210304_1_xls.xlsx,/resource/blob/826398/9bfeaa234f6c480c171e16d89922fa45/20210304_1.pdf,47ed9e71-bf2d-459b-847a-52820244e75c
03.03.2021,Bundeswehreinsatz im Mittelmeer (SEA GUARDIAN) - Beschlussempfehlung,/resource/blob/826282/248a187ff6e9433baf6c9c27f8fda52a/20210303_2_xls.xlsx,/resource/blob/826280/6a368c114368190bb149bbffeaccf69c/20210303_2.pdf,38202aea-3bd9-4b92-8755-7de7f7ec4e54
03.03.2021,Bundeswehreinsatz in Südsudan (UNMISS) - Beschlussempfehlung,/resource/blob/826278/400e573553fa72362e213a934b86046a/20210303_1_xls.xlsx,/resource/blob/826276/2f898cee0449aa3a0a8afcd4ccb0fcaa/20210303_1.pdf,5c727d82-9d7a-4a5a-870d-85d6b65ee52c
25.02.2021,Verein Indymedia verbieten (Beschlussempfehlung),/resource/blob/824880/e35698c871057d5c74ca8ae86b2655b5/20210225_2_xls.xlsx,/resource/blob/824878/fc307b630a72580bef25b370280880c3/20210225_2.pdf,d2f4b3c1-5c52-4258-93e7-3d0932e7bbee
29.01.2021,Antrag zu Normenkontrolle Drittes Bevölkerungsschutzgesetz,/resource/blob/819722/f2f778d85733596ed334e767437d30f6/20210129_1_xls.xlsx,/resource/blob/819720/6c21425b0333686ba2dcb0b9ba64c0d2/20210129_1.pdf,047c3a2d-36e3-432f-b230-075b1e472c8a
28.01.2021,Covid-19-Wahlbewerberaufstellungsverordnung (Beschlussempfehlung),/resource/blob/819628/428227ef1ecebd58827dfd6e5a250f19/20210128_1_xls.xlsx,/resource/blob/819626/818ffe6ec334a19a26cb130e7435b8fc/20210128_1.pdf,91a7f45e-8043-42ab-b4da-a062b5db4967
14.01.2021,Antrag zu Feststellung gemäß § 52 Absatz 4 Satz 1 des Bundeswahlgesetzes,/resource/blob/817382/39074377ec8350552d85e56d63a6fa9e/20210114_1_xls.xlsx,/resource/blob/817380/46db6ae90f79b8fadc6661aea2097325/20210114_1.pdf,d08d44d0-ddd8-4a19-9ab4-2807ccc3174b
17.12.2020,Erneuerbare-Energien-Gesetz,/resource/blob/814098/15c0f963bdbe9d6f946d9345fa738854/20201217_1_xls.xlsx,/resource/blob/814090/85cfed9db7622b7831b0f786bbd5b120/20201217_1.pdf,8496d013-0551-409d-9e10-7691b547b4a9
16.12.2020,Arbeitsschutz in der Fleischindustrie,/resource/blob/814054/333c219f8afd2d51f1c84e2ee5908c09/20201216_1_xls.xlsx,/resource/blob/814056/a6776147fec166bb6534084e32a52a63/20201216_1.pdf,0f5c07f3-0baa-48e8-8031-9c42b32adbf2
11.12.2020,Haushaltsgesetz 2021,/resource/blob/813130/1977771da5d41121b86dcb8faf5b2cd5/20201211_1_xls.xlsx,/resource/blob/813128/22fa9ba7eaa7a771719d33dba666de9c/20201211_1.pdf,f12af452-db3e-4a92-95d0-f6fb31de2a1e
09.12.2020,Beschlussempfehlung des Haushaltsausschusses (hier: Geschäftsbereich Bundeskanzlerin und Bundeskanzleramt),/resource/blob/812532/d95b0ece95a03ba021b932607f9fb9e1/20201209_1_xls.xlsx,/resource/blob/812528/47244d662c81f4f2d96ee87c4f5bbcea/20201209_1.pdf,ac7e0270-89eb-4308-b6a4-45cd7c486070
08.12.2020,Beschlussempfehlung Haushaltsausschuss zu Beschluss gemäß Artikel 115 Absatz 2 des Grundgesetzes,/resource/blob/812386/94d41b0078e5826e693c0e7884badccc/20201208_2_xls.xlsx,/resource/blob/812384/ee512b5228a730f8dd4577b35e659da4/20201208_2.pdf,d1498d34-8e51-4744-8e6a-21d5423f01f2
08.12.2020,Antrag 19/24969 der FDP (Beschluss gemäß Artikel 115 Absatz 2 des Grundgesetzes),/resource/blob/812368/699ad4e898107afdaae6c43a077e5491/20201208_1_xls.xlsx,/resource/blob/812366/93827ffa2fe666c865659b22b32b83da/20201208_1.pdf,8b854d73-ae8c-4680-98eb-b67381f7c03e
26.11.2020,Übereinkommen über ein Einheitliches Patentgericht,/resource/blob/810078/41aca52ecb2c567c3851ebd15e7d9475/20201126_3_xls.xlsx,/resource/blob/810080/6aec44794420f1c45739567b682af84d/20201126_3.pdf,6f65aaf0-b034-4574-aa80-cb0078414f8f
26.11.2020,Europäische Bank für nachhaltige Entwicklung (Beschlussempfehlung),/resource/blob/810076/6b9566e732eda0fc26dbe008f3a46bb4/20201126_2_xls.xlsx,/resource/blob/810074/9bcca429b483abbea8b92f0ea0c3004c/20201126_2.pdf,48cb2284-170e-4a5e-8cb4-f7266a956bdb
18.11.2020,"Corona-Maßnahmen (epidemische Lage), Antrag CDU/CSU, SPD",/resource/blob/807350/57a488dd6c02dd5d97c6cb52e7745dd4/20201118_4_xls.xlsx,/resource/blob/807352/2beafe4913d390ca68e19d06c1dc0fe0/20201118_4.pdf,10be7fe5-b406-453b-985a-ed9ff4b2f84e
18.11.2020,"Corona-Maßnahmen (epidemische Lage), Änderungsantrag FDP",/resource/blob/807334/8072ff364a9039af0f400da9e45cf418/20201118_1_xls.xlsx,/resource/blob/807326/5fe5563d4a43ac18f14b11b1a7071ef7/20201118_1.pdf,d62ef21b-e337-4e96-8e6e-46c6440a2ee8
18.11.2020,"Corona-Maßnahmen (epidemische Lage), Änderungsantrag Bündnis 90/Die Grünen",/resource/blob/807338/9cf4ba54b63f101b7a4c037101052dec/20201118_2_xls.xlsx,/resource/blob/807342/3bb3c59595ae62080ff2f913eec58856/20201118_2.pdf,5e62eba2-b774-4674-adff-40450fff1533
19.11.2020,Energiesicherheit gewährleisten - Nord Stream 2 unterstützen (Beschlussempfehlung),/resource/blob/807742/1f3bf337dd758a34a02a292b4fbf5efd/20201119_1_xls.xlsx,/resource/blob/807740/354864219dbf5aee3fb00577c3969c99/20201119_1.pdf,cc64c968-2b57-4cb5-b700-d410de3ffba9
18.11.2020,"Corona-Maßnahmen (epidemische Lage), Gesetzentwurf CDU/CSU, SPD",/resource/blob/807346/ac648d5c46507804948768a3cdff76a0/20201118_3_xls.xlsx,/resource/blob/807344/ebd740d98ef6ea5cb146b75f1e6b3a0a/20201118_3.pdf,c92a670e-813c-400a-8b72-edb788bc3121
30.10.2020,Untersuchungsausschuss Infektionsschutz - Abstrakte Normenkontrolle,/resource/blob/802720/8acc8bff4278e06f1f70555e6bb5ca98/20201030_1_xls.xlsx,/resource/blob/802716/78e95c6233bfaf84d86c7c5a16b786cb/20201030_1.pdf,752be0f5-3b54-4027-937d-979e83cb77ee
30.10.2020,Einsetzung Untersuchungsausschuss Infektionsschutz,/resource/blob/802758/6ac6ddff04dbfc652aadebc5124bde22/20201030_2_xls.xlsx,/resource/blob/802742/3640436af597541e37dd3c6bcab7e3c3/20201030_2.pdf,1cb32bce-5a8f-40b5-abf8-d1e4dd549bef
29.10.2020,Bundeswehreinsatz im Irak (Beschlussempfehlung),/resource/blob/802458/0d4665a9ca191c0c761f1378c14e0811/20201029_2_xls.xlsx,/resource/blob/802456/1e205400f26ed3b0340040063fba5ead/20201029_2.pdf,71221bb3-dedb-4a7f-9ee2-53803a9e838f
09.10.2020,Einführungsgesetz zur Abgabenordnung,/resource/blob/798350/2482812c4413e3e3e43caeb923331837/20201009_3_xls.xlsx,/resource/blob/798352/cfda40c3ac0712710976b92092c61872/20201009_3.pdf,92d19f31-45ad-480a-a2b0-71dbf9cba4f0
09.10.2020,Finanzielle Lasten der Migrationspolitik umfassend offenlegen,/resource/blob/798348/8aabdae6f8473c33c2f9bd842c8c45c3/20201009_2_xls.xlsx,/resource/blob/798346/678992cb13155f4eb596be71bca51af9/20201009_2.pdf,86396d34-9497-4b6f-9195-a8f2e648e351
09.10.2020,Bundeswahlgesetz (Wahlversammlungen),/resource/blob/798280/d2a67d0130b6c7ef6a6b0fc25925efd6/20201009_1_xls.xlsx,/resource/blob/798282/396d65d7c8beba433c3e91f1722f9cac/20201009_1.pdf,731b3222-3e7c-42d3-97d7-99331bed39ce
08.10.2020,Bundeswahlgesetz,/resource/blob/798220/96af124f6a0359b1b5c896ef6c9e0b5e/20201008_1_xls.xlsx,/resource/blob/798218/2b62b7380d6bba4df61ff456f1fb18a5/20201008_1.pdf,2cd31103-a52f-4572-abe8-d50f933441c4
18.09.2020,Konsequenzen aus dem Brand in Moria - Antrag 19/22679,/resource/blob/793632/3ddb2a6095e3db5734cb878cbcbf42b8/20200918_2_xls.xlsx,/resource/blob/793634/0647d1c035c3b55cb3537ded76ca01f1/20200918_2.pdf,9988354b-f567-413a-b2de-4cf943255767
18.09.2020,Konsequenzen aus dem Brand in Moria - Beschlussempfehlung 19/22579 zum Antrag 19/22264,/resource/blob/793628/6b93f27e05b924d33acd49a91e67e851/20200918_1_xls.xlsx,/resource/blob/793630/ecbf9090403df3796b6cb376cbd01005/20200918_1.pdf,97091760-b913-41a8-8e7c-a0f9db035fd8
17.09.2020,Finanzielle Entlastung der Kommunen,/resource/blob/793404/449f750896eff3c919426fae1b8029de/20200917_1_xls.xlsx,/resource/blob/793402/d025df8d969024b09630507d936acd25/20200917_1.pdf,49675c98-2c3a-4ffd-8fef-0271a0b4b5d7
16.09.2020,Mobilität der Zukunft (Beschlussempfehlung),/resource/blob/793156/494136c7d32bf2f7b57bdb9ee5f67d7c/20200916_1_xls.xlsx,/resource/blob/793154/bf8bca1ca77bc7bd8fc9817a318056a5/20200916_1.pdf,c763fbbb-b735-43f5-8571-3b3a46946f7a
10.09.2020,Abstrakte Normenkontrolle - Düngeverordnung (Beschlussempfehlung),/resource/blob/791698/852a05058b1d4614945d0f38b4ecb224/20200910_2_xls.xlsx,/resource/blob/791696/678d536e634ef968be6476d385158945/20200910_2.pdf,91c10f6b-ec23-4840-bd9c-89e78fbec8d2
03.07.2020,Bundeswahlgesetz (Geschäftsordnungsantrag),/resource/blob/704496/5d6e83f4c2204ac3a514b7970fff9a48/20200703_2_xls.xlsx,/resource/blob/704492/875226606b6cd662aa1a0190c9d2b8c2/20200703_2.pdf,40b32fec-978e-4272-91ef-5f18be999629
03.07.2020,Kohleausstiegsgesetz (Änderungsantrag 19/20730),/resource/blob/704410/abaa35a8f21b571771856b759602d9df/20200703_1_xls.xlsx,/resource/blob/704408/886b2e21ca8f0507940b5b58ca5a5483/20200703_1.pdf,bc2fb9f1-81e3-4adc-820e-83f1d21a53fb
02.07.2020,Corona-Konjunkturpaket (Entschließungsantrag 19/20739),/resource/blob/704220/c646fd721e2d57bf93632cdd3925e3a9/20200702_2_xls.xlsx,/resource/blob/704218/c2addaa6b83fd163804e96e6214d4477/20200702_2.pdf,8be0a01b-49f8-4b80-9f37-45192535c3e5
02.07.2020,Corona-Konjunkturpaket (Beschlussempfehlung 19/20716),/resource/blob/704198/16427e55712dd6d40282f649f6ca838e/20200702_1_xls.xlsx,/resource/blob/704196/b49536548c6219200facb3ba3f3fa837/20200702_1.pdf,96affbca-fafa-4131-8dea-5e174d719e29
19.06.2020,Antiextremistischer Grundkonsens in Politik und Gesellschaft - Rechtsstaat und Demokratie schützen - Antifa ächten,/resource/blob/701934/05b56da3972e6220834bd73cf58f8291/20200619_1_xls.xlsx,/resource/blob/701932/f14dc5969bf3ee8e7a20667db7bb41e6/20200619_1.pdf,b7247460-5c5a-44b9-8082-f8c27d48acff
18.06.2020,Europäische Arbeitnehmerentsendung,/resource/blob/701690/1b22922a7013103071ae11ba780ee7db/20200618_2_xls.xlsx,/resource/blob/701688/c595a001552b0af3e2fcb8ef8791d752/20200618_2.pdf,11c65e3a-bea8-41fa-80db-f7731bf99080
17.06.2020,Bundeswehreinsatz Libanon (UNIFIL) (Beschlussempfehlung),/resource/blob/701426/663857c73a5abddcdddfec530f92f08b/20200617_2_xls.xlsx,/resource/blob/701424/1725562c38a43fc6195e71ac4c3f1054/20200617_2.pdf,dc490af2-d991-46f3-9645-05344170ba2f
17.06.2020,Bundeswehr im Kosovo (KFOR) (Beschlussempfehlung),/resource/blob/701422/4c3900f94b50687daeec0dcd2e8898b7/20200617_1_xls.xlsx,/resource/blob/701420/85c0a180d282edeed836f544f75ef774/20200617_1.pdf,e63f1ff8-cf89-4470-b64f-93fa54ead9a8
29.05.2020,Beschlussempfehlung zur Fortsetzung des Bundeswehreinsatzes EUTM Mali,/resource/blob/698588/e046f1c448f1eb2bd5931be6a06162bc/20200529_1_xls.xlsx,/resource/blob/698590/e60579d3e5d88bc3262a0b3fa053da64/20200529_1.pdf,13cf4fba-bcec-4fbe-bfc7-12adf3601c3b
29.05.2020,Beschlussempfehlung zur Fortsetzung des Bundeswehreinsatzes in Mali (MINUSMA),/resource/blob/698700/4164667e05b494b40f2ff894aee79471/20200529_2_xls.xlsx,/resource/blob/698702/170301955ab85e0fe82dce1a425015b9/20200529_2.pdf,d3b6348c-dca7-420d-b25a-5811fdb56b60
27.05.2020,Beschlussempfehlung zu Operation ATALANTA,/resource/blob/698274/d6ba143a907bf0726a79d8a2b2312722/20200527_1_xls.xlsx,/resource/blob/698272/47b7eb889240b1088336cda8907ca8d9/20200527_1.pdf,6b337c72-c03c-4657-bcb3-d7fa2c2996b4
14.05.2020,Bereitstellung des ESM-Instruments ECCL Pandemic Crisis Support (PCSI),/resource/blob/696000/16fe7e9780b5120be4ef176155ea810f/20200514_4_xls.xlsx,/resource/blob/695998/55925ba617641c771ea1793d3c4e55b2/20200514_4.pdf,cc8f7862-f554-4c37-aba7-6aa019457d31
14.05.2020,Zweites Gesetz zum Schutz der Bevölkerung bei einer epidemischen Lage von nationaler Tragweite,/resource/blob/695948/b0942972558c1c6a2121640ead29a8d4/20200514_3_xls.xlsx,/resource/blob/695944/6e0a6b76fa3ac1c272f92617aad47b9a/20200514_3.pdf,0dea8daf-ffa3-4451-af37-3db4fd85d94a
14.05.2020,Beschlussempfehlung 19/19204 zu Corona-Aufschlag in der Grundsicherung das Existenzminimum sichern,/resource/blob/695936/5b2a7de19c4c2ffa61be910c9f9bbc14/20200514_2_xls.xlsx,/resource/blob/695932/539bd2f1ffc11e107be90950b040865d/20200514_2.pdf,35c12958-088c-4f75-899a-832d647cfd35
14.05.2020,Änderungsantrag 19/19221 zu Zweites Gesetz zum Schutz der Bevölkerung bei einer epidemischen Lage von nationaler Tragweite,/resource/blob/695930/52a7042d23ab09ab67b841724252d181/20200514_1_xls.xlsx,/resource/blob/695918/8ba5046bbc011a5dd1dbd20de57f6e8b/20200514_1.pdf,ad0277f4-c6a0-4c23-8065-60e1398b20ab
07.05.2020,Beschlussempfehlung zum Bundeswehreinsatz EUNAVFOR MED IRINI,/resource/blob/694864/f96e790a4bbfba729f7dfef3d9630715/20200507_1_xls.xlsx,/resource/blob/694862/eaeb1a2b7791947b84ad20e11b1d618b/20200507_1.pdf,6070f379-fea8-4a4a-a11c-2ccb52e51a97
25.03.2020,Beschlussempfehlung zu Beschluss gemäß Artikel 115 Absatz 2 Satz 6 und 7 GG,/resource/blob/689320/36f169411dd81d9ec0a93c8120a62cb8/20200325_1_xls.xlsx,/resource/blob/689318/eebdf320924e8941e038f572ef260f68/20200325_1.pdf,1dd36349-2321-424f-8872-1ea989d2a82b
13.03.2020,Beschlussempfehlung zum Bundeswehreinsatz in Afghanistan,/resource/blob/687654/d954b0f3161b0a2eecc6c5e57f884483/20200313_1_xls.xlsx,/resource/blob/687656/a7a4899e381701e145fc21aa6c1cdd4d/20200313_1.pdf,05eb1f6a-1b9b-420b-b3de-e8cc2e0aa4e6
13.03.2020,Beschlussempfehlung zum Bundeswehreinsatz SEA GUARDIAN,/resource/blob/687658/52893629e3e16b217f309e88d9c510ce/20200313_2_xls.xlsx,/resource/blob/687660/3fb47de286efb35df9d40fab7a9077e5/20200313_2.pdf,1a4c7a64-7314-442a-8808-cd84c1eb315a
04.03.2020,Beschlussempfehlung zu Humanitäres Aufnahmeprogramm für besonders schutzbedürftige Asylsuchende aus Griechenland,/resource/blob/685366/af0971b61fbab0537145e9540e794848/20200304_1_xls.xlsx,/resource/blob/685364/02a87713e8faeb2faf0a1ea6e5fa7e1e/20200304_1.pdf,a33f4254-7b1b-4c6a-a677-fde85e605468
30.01.2020,Antrag Schutz von Hinweisgebern auf EU-Ebene,/resource/blob/680734/e112eeb5e31eb13be13518eebb9a7247/20200130_3_xls.xlsx,/resource/blob/680736/07adaa1d2d113f165df9a4bfd7058804/20200130_3.pdf,68feaf61-6a7a-42ba-a8a7-f271c0f862e0
30.01.2020,Antrag Engagement- und Ehrenamts-Check,/resource/blob/680728/1ed7ea800abe57bbaaa26493b0dfb56c/20200130_2_xls.xlsx,/resource/blob/680726/c42d1b91903b91cb1caf3a6d4e860054/20200130_2.pdf,78b6c708-dd60-4169-aed4-22d1f6fc7112
30.01.2020,Gesetzentwurf Deutsche Stiftung für Engagement und Ehrenamt,/resource/blob/680724/7e9318a5bd63020782b1e9662cf7e267/20200130_1_xls.xlsx,/resource/blob/680722/df026da6bff23ba811bb141a417106e3/20200130_1.pdf,9e879e1d-d0a8-432d-80d2-e5303db192ff
17.01.2020,Freisetzungsrichtlinie auch für neue Gentechnik (Beschlussempfehlung),/resource/blob/678134/fa809e866d1dbeb384be7b101e6312ff/20200117_1_xls.xlsx,/resource/blob/678132/ed5cc8bfa9846a5c9b425c13a2571f57/20200117_1.pdf,cec2f929-ab6b-40ea-a8e8-3a9a3f30defd
16.01.2020,Entscheidungsbereitschaft bei Organspende (3. Lesung),/resource/blob/677902/dfa226d6d71642073b074b69cc7cf3c4/20200116_3_xls.xlsx,/resource/blob/677900/84ebc914102625049f7dc87d7817b9a6/20200116_3.pdf,ad0b760c-d350-46b2-bb73-4e2a7b795fc1
16.01.2020,Entscheidungsbereitschaft bei Organspende (2. Lesung),/resource/blob/677898/6347f65a85792f3b5d3484db1347703c/20200116_2_xls.xlsx,/resource/blob/677896/cfe524f2ff42b0afc216e0df20eecb36/20200116_2.pdf,c1624f4f-9db6-417a-88ff-75f781ec4088
16.01.2020,"Organspende - Regelung der doppelten Widerspruchslösung (Lauterbach, Spahn)",/resource/blob/677890/e47f7d7ea97edfa44a3b7bf0b84b23bc/20200116_1_xls.xlsx,/resource/blob/677888/5330f7288170aae544d393e3faa4d520/20200116_1.pdf,fcaaa06b-eab3-4bea-a6f7-0e086a225e63
15.01.2020,Erneute Abstimmung über das Mandat „Einsatz bewaffneter deutscher Streitkräfte im Irak“ im Deutschen Bundestag,/resource/blob/677792/379a405f9f42b9f23e1cfd672e8034c5/20200115_xls.xlsx,/resource/blob/677790/e105b33d04822955bace321f4f14983d/20200115_1.pdf,a5da6b61-ca5a-40a4-a3b2-9b5d4a26d7b1
20.12.2019,Beschlussempfehlung des Verteidigungsausschusses zum Antrag der FDP,/resource/blob/674772/3e923e24e789f54420ff4528714f471e/20191220_1_xls.xlsx,/resource/blob/674768/7b5d5c6eb156ce798671df42a9357437/20191220_1.pdf,dd411744-13e0-4c04-b212-52f2d7f7eb9c
20.12.2019,"Antrag DIE Linke - Keine Anschaffung, sondern Ächtung bewaffneter Drohnen",/resource/blob/674774/be841d4b20d1fe1edfea32d9befb229b/20191220_2_xls.xlsx,/resource/blob/674770/afeed50db4b905c3c1717fb088588fe8/20191220_2.pdf,431c04a2-da12-478c-9bdd-a86a946150df
19.12.2019,Entschließungsantrag der Fraktion Die Linke zur Änderung des Bundesnaturschutzgesetzes,/resource/blob/674634/9be9256a8b521447a33ecf47f5080bda/20191219_5_xls.xlsx,/resource/blob/674628/659eaeb0809e77c90ab4d08e9b2dcc8d/20191219_5.pdf,34ac666d-7d17-404b-a3b7-4d0cd4f67e37
19.12.2019,Gesetzentwurf des Bundesregierung zur Änderung des Bundesnaturschutzgesetzes,/resource/blob/674632/f88f2d116e213153efc2087548473bbb/20191219_4_xls.xlsx,/resource/blob/674626/013cb0533fbfd81bbaa36ff03f6e5be6/20191219_4.pdf,ac443ad5-b9f1-49cc-a67c-65741929be27
19.12.2019,Gesetzentwurf der Fraktion der FDP zum Wolfsmanagement,/resource/blob/674636/469c40e99ed0ae17a88664e472cfd4ce/20191219_6_xls.xlsx,/resource/blob/674630/0b030d70ebd48b87031bbceae66fa645/20191219_6.pdf,9f9f974a-8dad-4618-8e9a-bee6bf8187b4
19.12.2019,Gesetz zur Umsetzung des Klimaschutzprogramms 2030 im Steuerrecht,/resource/blob/674554/f4643823ccaa8a19fb909de003a5646f/20191219_3_xls.xlsx,/resource/blob/674552/3df3649f12ae1759e75f5e5d152106e2/20191219_3.pdf,9354f7b3-ca3b-4f2a-9089-25919af959f4
19.12.2019,Vorgehen gegen die Hisbollah,/resource/blob/674466/84d91313223a8c4e78e08de9f5ec3880/20191219_2_xls.xlsx,/resource/blob/674462/3e09a9108c5f8df43ec7fe7af7ea5e4a/20191219_2.pdf,a242c9fe-3b29-4371-bfa8-770783a141c7
19.12.2019,Föderale Sicherheitsarchitektur,/resource/blob/674464/1e8f4350aa0c0ed2b2b59cc37e2b35d5/20191219_1_xls.xlsx,/resource/blob/674460/589b03879585a51547b3adaf5737748d/20191219_1.pdf,2f85147c-e454-494b-9c38-21841b733244
29.11.2019,Entschließungsantrag AfD - Einzelplan 60 (Allgemeine Finanzverwaltung),/resource/blob/670632/a5273a3cf11664f1a734f2c2937ae3b2/20191129_3_xls.xlsx,/resource/blob/670630/dd38e906685cd43141c06570094d25a2/20191129_3.pdf,8cebcf5c-a70a-4f8b-906e-76be7c45542f
29.11.2019,Entschließungsantrag AfD - Einzelplan 14 (Verteidigung),/resource/blob/670636/f9cda41e070f1f7d7402768efcdd5afc/20191129_2_xls.xlsx,/resource/blob/670634/612956e94ad70c0ebfe09a0263ee0fe5/20191129_2.pdf,2a9704cb-1c82-402e-805f-676541a327a4
29.11.2019,Haushaltsjahr 2020,/resource/blob/670624/eaf7956e3d79764bc0036e107dedac50/20191129_1_xls.xlsx,/resource/blob/670622/abba5e4d133cff28e1e9625ec425dd38/20191129_1.pdf,4928718b-aae1-41e4-8aa1-c21b38295606
27.11.2019,Einzelplan 04 - Geschäftsbereich der Bundeskanzlerin und des Bundeskanzleramtes,/resource/blob/670296/65b47dde12edf6f040f949bff1671e20/20191127_1_xls.xlsx,/resource/blob/670294/5436912df3ca878073b1c499529600ef/20191127_1.pdf,05bcbdb3-f7e1-4f8d-851d-c3ac082c6fc7
26.11.2019,Änderungsantrag der AfD-Fraktion zu Einzelplan 16 (Umweltministerium),/resource/blob/670154/4959debc9cce372e510669e509a31ad0/20191126_1_xls.xlsx,/resource/blob/670152/8b80b9f859a440eedaf68aa3933677c1/20191126_1.pdf,d6c88b9e-a2fa-4bbd-9241-87b127a5de3d
14.11.2019,Änderung des Luftverkehrsteuergesetzes,/resource/blob/668756/5045793ec00a4b7ceec894b2fdd25aa3/20191115_1_xls.xlsx,/resource/blob/668758/0b0976998a0ad420f6e85c30e00afca2/20191115_1.pdf,a3d86463-57f9-4be2-8bab-9e7d0178e3f7
14.11.2019,Beschlussempfehlung zu Einsatz chemischer Pflanzenschutzmittel,/resource/blob/668578/b8c944c2a8b0afe628bcc37972a9a427/20191114_6_xls.xlsx,/resource/blob/668576/0b6ef8b626ce89be1dad07fb03d043cd/20191114_6.pdf,3b6cde68-10f5-4ac5-936b-ec8f8ea1758c
14.11.2019,Beschlussempfehlung zu Verbot von Tierexporten,/resource/blob/668582/36a8f56582c48833f31b36146c849303/20191114_7_xls.xlsx,/resource/blob/668580/cf183733d3891161b6e740f0d34584db/20191114_7.pdf,6ca5a571-0417-4e65-bf0a-c56feed78083
14.11.2019,Stärkung der Impfprävention (Masernschutz),/resource/blob/668534/cb994f39d4a947418492270cd8289705/20191114_5_xls.xlsx,/resource/blob/668530/6921bc184bdc293affed09df2c49b6a7/20191114_5.pdf,6e9c15d3-d6a3-470c-bbbf-546c4c199764
14.11.2019,Wettbewerbsfähigkeit der deutschen Wirtschaft,/resource/blob/668528/d0ea1cf64023e338574d47384738c877/20191114_4_xls.xlsx,/resource/blob/668524/98e52804e68227325650acbe475227e2/20191114_4.pdf,000ffae2-4c7a-4839-8212-bd3b003a9366
14.11.2019,Beschlussempfehlung des Finanzausschusses zum Antrag 19/4898,/resource/blob/668478/31c6838ed31e4f55649fdb5fea72ce30/20191114_3_xls.xlsx,/resource/blob/668480/68459f293546ff7b0c326d0de75a1689/20191114_3.pdf,bcce3360-547b-4971-9e49-07f12ee030f8
14.11.2019,Gesetzentwurf der FDP: Abschaffung des Solidaritätszuschlags,/resource/blob/668474/a986e258e03dbc9c14ad7d8c64c479b5/20191114_2_xls.xlsx,/resource/blob/668476/5014fdf59fdbe2bc16d1ce2a661c6438/20191114_2.pdf,06838c5d-259f-4bfa-9ad2-c8fd07bd1202
14.11.2019,Gesetzentwurf der Bundesregierung: Solidaritätszuschlag,/resource/blob/668466/b1dcc0a4246c2afe233c141d54683cd6/20191114_1_xls.xlsx,/resource/blob/668472/2b9b9425b899cd38798204aa59542b0d/20191114_1.pdf,6f85a948-d753-4ef7-96c5-f5589082551c
13.11.2019,Änderungsantrag zu Direktzahlungen-Durchführungsgesetz,/resource/blob/668320/caa14bf091a4ba10e70d35bcd259f757/20191113_1_xls.xlsx,/resource/blob/668318/1b21fc45ee65a5de2bb43e7da561992a/20191113_1.pdf,2206dc53-3d6c-42f4-b9ea-6ffc1fd68568
13.11.2019,Gesetzentwurf Direktzahlungen-Durchführungsgesetz,/resource/blob/668326/7e9f24af28044eda1276adfb692569cb/20191113_2_xls.xlsx,/resource/blob/668324/4e753f8bf3d17bcd83625abf4f75c4b6/20191113_2.pdf,c748797b-80ba-49ae-a9d0-d85718edd001
07.11.2019,Änderungsantrag der FDP (19/14883),/resource/blob/667188/5b3814364c1299ca9a4085d4c0996ee5/20191107_2_xls.xlsx,/resource/blob/667186/350d3620ab3436ef770a8fa184f1498d/20191107_2.pdf,0d7624b8-e7d5-4918-a50c-58379577ad06
07.11.2019,Änderungsantrag der FDP (19/14882),/resource/blob/667182/7de854a6a774a3730c0df552f49e87e6/20191107_1_xls.xlsx,/resource/blob/667184/04f6573dd687eda4b22e49f0f566261c/20191107_1.pdf,4a95f557-948a-4f06-bf7d-77f29992a9cc
24.10.2019,Wettbewerbsfähige Landwirtschaft,/resource/blob/664896/d4066b557728355c8b018b08d7cb7fb8/20191024_3_xls.xlsx,/resource/blob/664894/9202d46df0a6a006f39b3d242087e603/20191024_3.pdf,a9e87479-ef3c-4565-b7ac-6dee1e0a5328
24.10.2019,Russlandpolitik,/resource/blob/664892/a602776aa579002216ef6af7ad394c45/20191024_2_xls.xlsx,/resource/blob/664890/6b37c54ed58b02c74528fa73034cb8f8/20191024_2.pdf,efc5236d-f89a-483e-890e-9a3c2bd7c9d6
